x=1	0.90028	0.89893	0.76201	0.83293	-0.88309	36
\\10.92.10.11\wangderen\stroke\PyRadiomics\WCHSCU\Count16Width8WaveletCount16Level2\bior1.1.csv	1	0.45	0.05	0.8
------------------------------------------------------------

x=1	0.90409	0.90271	0.73233	0.87622	-0.89744	51
\\10.92.10.11\wangderen\stroke\PyRadiomics\WCHSCU\Count16Width8WaveletCount16Level2\bior1.3.csv	1	0.45	0.05	0.8
------------------------------------------------------------

x=1	0.87947	0.87806	0.74616	0.85665	-0.8737	33
\\10.92.10.11\wangderen\stroke\PyRadiomics\WCHSCU\Count16Width8WaveletCount16Level2\bior1.5.csv	1	0.45	0.05	0.8
------------------------------------------------------------

x=1	0.89047	0.88867	0.78013	0.85662	-0.88156	46
\\10.92.10.11\wangderen\stroke\PyRadiomics\WCHSCU\Count16Width8WaveletCount16Level2\bior2.2.csv	1	0.45	0.05	0.8
------------------------------------------------------------

x=1	0.87284	0.87126	0.79044	0.77972	-0.84815	25
\\10.92.10.11\wangderen\stroke\PyRadiomics\WCHSCU\Count16Width8WaveletCount16Level2\bior2.4.csv	1	0.45	0.05	0.8
------------------------------------------------------------

x=1	0.87208	0.87031	0.78088	0.79961	-0.85368	28
\\10.92.10.11\wangderen\stroke\PyRadiomics\WCHSCU\Count16Width8WaveletCount16Level2\bior2.6.csv	1	0.45	0.05	0.8
------------------------------------------------------------

x=1	0.87835	0.87594	0.7434	0.809	-0.85981	33
\\10.92.10.11\wangderen\stroke\PyRadiomics\WCHSCU\Count16Width8WaveletCount16Level2\bior2.8.csv	1	0.45	0.05	0.8
------------------------------------------------------------

x=1	0.86439	0.86283	0.78868	0.74834	-0.83872	23
\\10.92.10.11\wangderen\stroke\PyRadiomics\WCHSCU\Count16Width8WaveletCount16Level2\bior3.1.csv	1	0.45	0.05	0.8
------------------------------------------------------------

x=1	0.87305	0.8709	0.80906	0.77069	-0.84973	28
\\10.92.10.11\wangderen\stroke\PyRadiomics\WCHSCU\Count16Width8WaveletCount16Level2\bior3.3.csv	1	0.45	0.05	0.8
------------------------------------------------------------

x=1	0.87202	0.87033	0.80881	0.77455	-0.84768	32
75	0.865	0.86055	0.83195	0.65946	-0.81001	24
\\10.92.10.11\wangderen\stroke\PyRadiomics\WCHSCU\Count16Width8WaveletCount16Level2\bior3.5.csv	1	0.45	0.05	0.8
------------------------------------------------------------

x=1	0.86038	0.85877	0.79597	0.74827	-0.83456	28
\\10.92.10.11\wangderen\stroke\PyRadiomics\WCHSCU\Count16Width8WaveletCount16Level2\bior3.7.csv	1	0.45	0.05	0.8
------------------------------------------------------------

x=1	0.87184	0.87036	0.80403	0.78342	-0.85168	34
\\10.92.10.11\wangderen\stroke\PyRadiomics\WCHSCU\Count16Width8WaveletCount16Level2\bior3.9.csv	1	0.45	0.05	0.8
------------------------------------------------------------

x=1	0.86944	0.86746	0.80956	0.77959	-0.84888	26
77	0.86667	0.86044	0.83044	0.59952	-0.79505	20
\\10.92.10.11\wangderen\stroke\PyRadiomics\WCHSCU\Count16Width8WaveletCount16Level2\bior4.4.csv	1	0.45	0.05	0.8
------------------------------------------------------------

x=1	0.87552	0.87462	0.81057	0.78308	-0.85365	35
111	0.86052	0.85643	0.83195	0.66029	-0.80839	27
\\10.92.10.11\wangderen\stroke\PyRadiomics\WCHSCU\Count16Width8WaveletCount16Level2\bior5.5.csv	1	0.45	0.05	0.8
------------------------------------------------------------

x=1	0.87676	0.87535	0.82214	0.78895	-0.85591	33
24	0.874	0.86892	0.83245	0.63592	-0.81022	27
35	0.86823	0.86258	0.83447	0.62718	-0.80484	26
39	0.86546	0.86063	0.83245	0.63747	-0.80816	25
40	0.87855	0.87076	0.84881	0.46539	-0.77081	24
59	0.86572	0.85537	0.83069	0.39909	-0.73944	17
62	0.87259	0.86715	0.83824	0.61861	-0.80637	23
72	0.87143	0.87033	0.83019	0.77674	-0.84727	30
154	0.8736	0.86885	0.83044	0.67429	-0.82085	29
\\10.92.10.11\wangderen\stroke\PyRadiomics\WCHSCU\Count16Width8WaveletCount16Level2\bior6.8.csv	1	0.45	0.05	0.8
------------------------------------------------------------

x=1	0.90344	0.90176	0.75824	0.84832	-0.88899	47
\\10.92.10.11\wangderen\stroke\PyRadiomics\WCHSCU\Count16Width8WaveletCount16Level2\coif1.csv	1	0.45	0.05	0.8
------------------------------------------------------------

x=1	0.86289	0.86157	0.78642	0.76808	-0.84343	23
\\10.92.10.11\wangderen\stroke\PyRadiomics\WCHSCU\Count16Width8WaveletCount16Level2\coif2.csv	1	0.45	0.05	0.8
------------------------------------------------------------

x=1	0.88443	0.87993	0.77082	0.6523	-0.82328	30
\\10.92.10.11\wangderen\stroke\PyRadiomics\WCHSCU\Count16Width8WaveletCount16Level2\coif3.csv	1	0.45	0.05	0.8
------------------------------------------------------------

x=1	0.89072	0.88766	0.79421	0.73452	-0.84727	35
\\10.92.10.11\wangderen\stroke\PyRadiomics\WCHSCU\Count16Width8WaveletCount16Level2\coif4.csv	1	0.45	0.05	0.8
------------------------------------------------------------

x=1	0.87719	0.87657	0.80201	0.78893	-0.85725	27
\\10.92.10.11\wangderen\stroke\PyRadiomics\WCHSCU\Count16Width8WaveletCount16Level2\coif5.csv	1	0.45	0.05	0.8
------------------------------------------------------------

x=1	0.87436	0.87293	0.8244	0.82646	-0.86327	30
42	0.87443	0.87329	0.83346	0.81807	-0.85932	28
54	0.87671	0.87191	0.83094	0.70588	-0.83041	24
67	0.87443	0.87329	0.83346	0.81807	-0.85932	28
93	0.87597	0.87231	0.83296	0.71162	-0.83222	27
100	0.87781	0.87318	0.83119	0.71565	-0.83504	28
119	0.87355	0.87186	0.83044	0.81228	-0.85684	27
162	0.87273	0.87132	0.83019	0.81291	-0.85711	26
172	0.87442	0.87276	0.83119	0.80178	-0.85416	26
\\10.92.10.11\wangderen\stroke\PyRadiomics\WCHSCU\Count16Width8WaveletCount16Level2\db2.csv	1	0.45	0.05	0.8
------------------------------------------------------------

x=1	0.85592	0.85477	0.80327	0.78674	-0.84037	22
\\10.92.10.11\wangderen\stroke\PyRadiomics\WCHSCU\Count16Width8WaveletCount16Level2\db3.csv	1	0.45	0.05	0.8
------------------------------------------------------------

0.88982	0.88488	0.85082	0.61982	30
x=1	0.8984	0.89458	0.81635	0.7343	-0.858	40
21	0.88965	0.8843	0.83296	0.65463	-0.82906	31
34	0.89028	0.88502	0.83019	0.64948	-0.82768	34
55	0.89555	0.89152	0.83094	0.69255	-0.84433	36
73	0.88024	0.86875	0.83019	0.47581	-0.77222	21
96	0.89307	0.88612	0.83723	0.5258	-0.79876	29
164	0.89022	0.88588	0.83371	0.65065	-0.82853	32
172	0.87992	0.87332	0.84453	0.67496	-0.82761	32
\\10.92.10.11\wangderen\stroke\PyRadiomics\WCHSCU\Count16Width8WaveletCount16Level2\db4.csv	1	0.45	0.05	0.8
------------------------------------------------------------

x=1	0.8859	0.88196	0.78893	0.72163	-0.84848	37
\\10.92.10.11\wangderen\stroke\PyRadiomics\WCHSCU\Count16Width8WaveletCount16Level2\db5.csv	1	0.45	0.05	0.8
------------------------------------------------------------

x=1	0.8923	0.88884	0.77786	0.66229	-0.83702	27
\\10.92.10.11\wangderen\stroke\PyRadiomics\WCHSCU\Count16Width8WaveletCount16Level2\db6.csv	1	0.45	0.05	0.8
------------------------------------------------------------

x=1	0.88209	0.88048	0.76931	0.82282	-0.86568	27
\\10.92.10.11\wangderen\stroke\PyRadiomics\WCHSCU\Count16Width8WaveletCount16Level2\db7.csv	1	0.45	0.05	0.8
------------------------------------------------------------

x=1	0.88385	0.88232	0.78063	0.80321	-0.86496	33
\\10.92.10.11\wangderen\stroke\PyRadiomics\WCHSCU\Count16Width8WaveletCount16Level2\db8.csv	1	0.45	0.05	0.8
------------------------------------------------------------

x=1	0.90843	0.90742	0.81384	0.90881	-0.90907	43
33	0.89244	0.88923	0.83673	0.74834	-0.85213	34
62	0.9046	0.90159	0.8317	0.78688	-0.87253	37
93	0.89169	0.88748	0.83245	0.68566	-0.83559	34
143	0.90582	0.90262	0.83019	0.77631	-0.87193	38
148	0.90493	0.90175	0.83019	0.77957	-0.87168	37
\\10.92.10.11\wangderen\stroke\PyRadiomics\WCHSCU\Count16Width8WaveletCount16Level2\db9.csv	1	0.45	0.05	0.8
------------------------------------------------------------

x=1	0.88057	0.87595	0.8005	0.65704	-0.82373	31
\\10.92.10.11\wangderen\stroke\PyRadiomics\WCHSCU\Count16Width8WaveletCount16Level2\dmey.csv	1	0.45	0.05	0.8
------------------------------------------------------------

x=1	0.90028	0.89893	0.76201	0.83293	-0.88309	36
\\10.92.10.11\wangderen\stroke\PyRadiomics\WCHSCU\Count16Width8WaveletCount16Level2\haar.csv	1	0.45	0.05	0.8
------------------------------------------------------------

x=1	0.90028	0.89893	0.76201	0.83293	-0.88309	36
\\10.92.10.11\wangderen\stroke\PyRadiomics\WCHSCU\Count16Width8WaveletCount16Level2\rbio1.1.csv	1	0.45	0.05	0.8
------------------------------------------------------------

x=1	0.86695	0.86571	0.78692	0.78407	-0.84919	31
\\10.92.10.11\wangderen\stroke\PyRadiomics\WCHSCU\Count16Width8WaveletCount16Level2\rbio1.3.csv	1	0.45	0.05	0.8
------------------------------------------------------------

x=1	0.89086	0.8887	0.77132	0.84	-0.87825	55
\\10.92.10.11\wangderen\stroke\PyRadiomics\WCHSCU\Count16Width8WaveletCount16Level2\rbio1.5.csv	1	0.45	0.05	0.8
------------------------------------------------------------

x=1	0.87532	0.87307	0.80352	0.76512	-0.84865	25
\\10.92.10.11\wangderen\stroke\PyRadiomics\WCHSCU\Count16Width8WaveletCount16Level2\rbio2.2.csv	1	0.45	0.05	0.8
------------------------------------------------------------

x=1	0.8601	0.85872	0.79748	0.745	-0.83302	24
\\10.92.10.11\wangderen\stroke\PyRadiomics\WCHSCU\Count16Width8WaveletCount16Level2\rbio2.4.csv	1	0.45	0.05	0.8
------------------------------------------------------------

x=1	0.84344	0.84237	0.78038	0.67639	-0.80276	17
\\10.92.10.11\wangderen\stroke\PyRadiomics\WCHSCU\Count16Width8WaveletCount16Level2\rbio2.6.csv	1	0.45	0.05	0.8
------------------------------------------------------------

x=1	0.89425	0.89255	0.76201	0.81698	-0.87608	46
\\10.92.10.11\wangderen\stroke\PyRadiomics\WCHSCU\Count16Width8WaveletCount16Level2\rbio2.8.csv	1	0.45	0.05	0.8
------------------------------------------------------------

x=1	0.89987	0.89479	0.77258	0.72787	-0.85645	36
\\10.92.10.11\wangderen\stroke\PyRadiomics\WCHSCU\Count16Width8WaveletCount16Level2\rbio3.1.csv	1	0.45	0.05	0.8
------------------------------------------------------------

x=1	0.86495	0.86332	0.74063	0.75364	-0.83817	24
\\10.92.10.11\wangderen\stroke\PyRadiomics\WCHSCU\Count16Width8WaveletCount16Level2\rbio3.3.csv	1	0.45	0.05	0.8
------------------------------------------------------------

x=1	0.85567	0.85378	0.82164	0.75067	-0.83067	29
124	0.85857	0.85379	0.83195	0.65457	-0.80619	26
147	0.85629	0.85178	0.83195	0.64494	-0.80151	22
\\10.92.10.11\wangderen\stroke\PyRadiomics\WCHSCU\Count16Width8WaveletCount16Level2\rbio3.5.csv	1	0.45	0.05	0.8
------------------------------------------------------------

x=1	0.8733	0.87146	0.78189	0.76942	-0.84721	26
\\10.92.10.11\wangderen\stroke\PyRadiomics\WCHSCU\Count16Width8WaveletCount16Level2\rbio3.7.csv	1	0.45	0.05	0.8
------------------------------------------------------------

x=1	0.87285	0.87078	0.77736	0.80641	-0.85676	28
\\10.92.10.11\wangderen\stroke\PyRadiomics\WCHSCU\Count16Width8WaveletCount16Level2\rbio3.9.csv	1	0.45	0.05	0.8
------------------------------------------------------------

x=1	0.87171	0.86985	0.81031	0.79722	-0.85749	27
\\10.92.10.11\wangderen\stroke\PyRadiomics\WCHSCU\Count16Width8WaveletCount16Level2\rbio4.4.csv	1	0.45	0.05	0.8
------------------------------------------------------------

x=1	0.89157	0.88997	0.8	0.84153	-0.87827	38
\\10.92.10.11\wangderen\stroke\PyRadiomics\WCHSCU\Count16Width8WaveletCount16Level2\rbio5.5.csv	1	0.45	0.05	0.8
------------------------------------------------------------

x=1	0.84808	0.84684	0.79748	0.71249	-0.81482	19
\\10.92.10.11\wangderen\stroke\PyRadiomics\WCHSCU\Count16Width8WaveletCount16Level2\rbio6.8.csv	1	0.45	0.05	0.8
------------------------------------------------------------

x=1	0.85959	0.85759	0.78692	0.76195	-0.83723	23
\\10.92.10.11\wangderen\stroke\PyRadiomics\WCHSCU\Count16Width8WaveletCount16Level2\sym2.csv	1	0.45	0.05	0.8
------------------------------------------------------------

x=1	0.85592	0.85477	0.80327	0.78674	-0.84037	22
\\10.92.10.11\wangderen\stroke\PyRadiomics\WCHSCU\Count16Width8WaveletCount16Level2\sym3.csv	1	0.45	0.05	0.8
------------------------------------------------------------

x=1	0.86456	0.86263	0.82063	0.77245	-0.84238	24
19	0.86134	0.85567	0.8317	0.65608	-0.80655	19
140	0.86123	0.85632	0.83296	0.66261	-0.80853	20
167	0.86315	0.85798	0.83497	0.66625	-0.81064	19
\\10.92.10.11\wangderen\stroke\PyRadiomics\WCHSCU\Count16Width8WaveletCount16Level2\sym4.csv	1	0.45	0.05	0.8
------------------------------------------------------------

x=1	0.86207	0.86035	0.81233	0.74649	-0.83209	21
\\10.92.10.11\wangderen\stroke\PyRadiomics\WCHSCU\Count16Width8WaveletCount16Level2\sym5.csv	1	0.45	0.05	0.8
------------------------------------------------------------

x=1	0.87869	0.87625	0.80981	0.77811	-0.85536	27
\\10.92.10.11\wangderen\stroke\PyRadiomics\WCHSCU\Count16Width8WaveletCount16Level2\sym6.csv	1	0.45	0.05	0.8
------------------------------------------------------------

x=1	0.88503	0.881	0.79497	0.64968	-0.82873	35
\\10.92.10.11\wangderen\stroke\PyRadiomics\WCHSCU\Count16Width8WaveletCount16Level2\sym7.csv	1	0.45	0.05	0.8
------------------------------------------------------------

x=1	0.87057	0.86727	0.77434	0.69245	-0.82719	24
\\10.92.10.11\wangderen\stroke\PyRadiomics\WCHSCU\Count16Width8WaveletCount16Level2\sym8.csv	1	0.45	0.05	0.8
------------------------------------------------------------

x=1	0.89798	0.89678	0.78038	0.83536	-0.88297	42
97	0.88412	0.88004	0.83019	0.72555	-0.84112	29
\\10.92.10.11\wangderen\stroke\PyRadiomics\WCHSCU\Count16Width8WaveletCount16Level2\sym9.csv	1	0.45	0.05	0.8
------------------------------------------------------------

0.85649	0.85525	0.8556	0.65551	20
x=1	0.867	0.8656	0.81862	0.80399	-0.85272	26
15	0.86656	0.86219	0.83245	0.70196	-0.82385	22
24	0.86607	0.86145	0.8322	0.69293	-0.82098	22
46	0.86129	0.85644	0.83849	0.68199	-0.81411	21
97	0.86163	0.85511	0.83245	0.59087	-0.79149	20
106	0.85612	0.85145	0.83321	0.6482	-0.8029	17
112	0.86162	0.85646	0.83623	0.62315	-0.80056	21
113	0.8608	0.85688	0.84981	0.68716	-0.81645	20
127	0.86579	0.86142	0.83497	0.69143	-0.81992	23
156	0.86383	0.85796	0.84101	0.62993	-0.80205	21
168	0.85319	0.84811	0.83723	0.66216	-0.8021	19
172	0.86459	0.8603	0.83019	0.6882	-0.81811	20
\\10.92.10.11\wangderen\stroke\PyRadiomics\WCHSCU\Count16Width8WaveletWidth8Level2\bior1.1.csv	1	0.45	0.05	0.8
------------------------------------------------------------

x=1	0.87704	0.87587	0.80302	0.84268	-0.86739	34
\\10.92.10.11\wangderen\stroke\PyRadiomics\WCHSCU\Count16Width8WaveletWidth8Level2\bior1.3.csv	1	0.45	0.05	0.8
------------------------------------------------------------

x=1	0.87211	0.87112	0.81132	0.82804	-0.86245	33
26	0.87364	0.86308	0.8322	0.46378	-0.76689	23
30	0.86947	0.85774	0.83119	0.43748	-0.75552	20
\\10.92.10.11\wangderen\stroke\PyRadiomics\WCHSCU\Count16Width8WaveletWidth8Level2\bior1.5.csv	1	0.45	0.05	0.8
------------------------------------------------------------

0.8823	0.88032	0.85434	0.70682	41
0.8839	0.88074	0.85459	0.6509	42
x=1	0.91729	0.91661	0.77635	0.88619	-0.91129	88
111	0.87852	0.87212	0.8317	0.56569	-0.79542	37
\\10.92.10.11\wangderen\stroke\PyRadiomics\WCHSCU\Count16Width8WaveletWidth8Level2\bior2.2.csv	1	0.45	0.05	0.8
------------------------------------------------------------

0.8722	0.87202	0.85006	0.6386	28
0.8722	0.87202	0.85006	0.6386	28
0.87618	0.87187	0.85182	0.58259	30
0.87285	0.87014	0.85082	0.63336	27
0.86796	0.86217	0.85006	0.58231	23
0.8722	0.87202	0.85006	0.6386	28
0.85661	0.85399	0.85836	0.64914	22
0.87124	0.86965	0.85157	0.6384	27
0.85686	0.85522	0.85836	0.64851	21
0.87493	0.87195	0.85057	0.56622	26
0.86197	0.85835	0.85132	0.65875	22
0.86834	0.86668	0.85157	0.61761	22
0.86941	0.86563	0.85258	0.62826	25
0.87033	0.8673	0.85057	0.61864	24
0.8555	0.85262	0.85182	0.63953	20
0.8555	0.85262	0.85182	0.63953	20
0.87194	0.86881	0.85535	0.62627	25
0.86197	0.85835	0.85132	0.65875	22
0.85809	0.85403	0.85107	0.64298	21
0.85773	0.85451	0.85082	0.64166	20
0.86469	0.8617	0.85585	0.67856	24
0.86095	0.85997	0.8566	0.66133	23
0.85214	0.84765	0.85057	0.60211	18
0.85827	0.85528	0.85031	0.64378	21
0.85785	0.85422	0.85308	0.6367	20
0.85454	0.84957	0.85082	0.61645	19
0.85107	0.84861	0.85006	0.70841	18
0.85898	0.86122	0.85006	0.74474	22
0.86224	0.86544	0.85006	0.76308	25
0.85158	0.85168	0.85208	0.71905	21
0.85996	0.86141	0.85208	0.74742	24
0.86224	0.86544	0.85006	0.76308	25
0.85857	0.85966	0.85006	0.73499	20
0.86304	0.86077	0.85031	0.61122	22
0.86275	0.85808	0.85308	0.67506	23
0.86278	0.86104	0.85434	0.67919	23
0.86272	0.85855	0.85258	0.67387	22
0.86298	0.86105	0.85434	0.67681	23
0.86941	0.86688	0.85409	0.69415	25
0.8632	0.8618	0.8556	0.68307	24
0.86272	0.85855	0.85258	0.67387	22
0.86298	0.86105	0.85434	0.67681	23
0.8674	0.86581	0.85082	0.6807	26
0.8632	0.8618	0.8556	0.68307	24
0.86298	0.86105	0.85434	0.67681	23
0.8632	0.8618	0.8556	0.68307	24
0.86201	0.86159	0.85283	0.75322	23
0.87273	0.86871	0.85031	0.64705	27
0.85764	0.85704	0.85031	0.75171	22
0.86117	0.86051	0.85057	0.58859	21
0.86272	0.85855	0.85258	0.67387	22
0.85626	0.85482	0.85308	0.65063	21
0.8632	0.8618	0.8556	0.68307	24
0.8632	0.8618	0.8556	0.68307	24
0.86298	0.86105	0.85434	0.67681	23
0.86466	0.86026	0.85057	0.67276	23
0.86466	0.86026	0.85057	0.67276	23
0.86466	0.86026	0.85057	0.67276	23
0.86918	0.86958	0.85107	0.68009	26
0.86466	0.86026	0.85057	0.67276	23
0.8619	0.86278	0.85358	0.68431	23
0.8619	0.86278	0.85358	0.68431	23
0.86466	0.86026	0.85057	0.67276	23
0.86306	0.86113	0.85082	0.66104	21
0.86278	0.86104	0.85434	0.67919	23
0.86249	0.86561	0.85157	0.77145	25
0.86298	0.86105	0.85434	0.67681	23
0.86193	0.86122	0.85057	0.65784	21
0.8632	0.8618	0.8556	0.68307	24
0.8632	0.8618	0.8556	0.68307	24
0.8619	0.86278	0.85358	0.68431	23
0.86052	0.86083	0.85132	0.65576	20
0.86359	0.86271	0.85358	0.68602	26
0.86215	0.86095	0.85333	0.66079	21
0.86215	0.86095	0.85333	0.66079	21
0.86261	0.86285	0.85107	0.67089	21
0.86207	0.8601	0.85107	0.68243	24
0.86757	0.86738	0.85006	0.67183	23
0.88464	0.88307	0.85182	0.67156	54
0.86954	0.87031	0.85384	0.69527	28
0.87081	0.87006	0.85434	0.69906	28
0.86517	0.86471	0.85057	0.67619	26
0.86678	0.86505	0.85006	0.67857	25
0.87363	0.87285	0.85057	0.63677	30
0.86861	0.86627	0.85233	0.78231	28
0.8617	0.85923	0.85082	0.66029	25
0.86836	0.86632	0.85283	0.77792	27
0.8681	0.86615	0.85208	0.77728	28
0.86904	0.86771	0.85006	0.78016	28
0.87299	0.8725	0.85082	0.70289	29
0.87643	0.87616	0.85761	0.70905	28
0.89552	0.89135	0.85157	0.58876	81
0.87457	0.87388	0.85057	0.70955	28
0.87755	0.87537	0.85107	0.66763	29
0.87719	0.87462	0.85258	0.71748	31
0.87809	0.87585	0.85107	0.66894	30
0.87409	0.87321	0.8566	0.65599	29
0.8736	0.8736	0.85509	0.70643	29
x=1	0.88007	0.87817	0.82415	0.81012	-0.86373	35
12	0.87852	0.87316	0.83748	0.66209	-0.82296	34
14	0.87336	0.86703	0.83245	0.57463	-0.79649	24
15	0.87773	0.87377	0.83447	0.70762	-0.83332	30
19	0.87577	0.87418	0.83874	0.80662	-0.85973	31
25	0.86947	0.86752	0.84704	0.79173	-0.84966	29
27	0.87637	0.87104	0.83447	0.64522	-0.81673	29
48	0.86941	0.86565	0.83497	0.70692	-0.82799	25
49	0.87713	0.87155	0.83421	0.65353	-0.81752	28
51	0.87363	0.86744	0.84	0.65168	-0.81529	27
56	0.87924	0.86847	0.83119	0.48604	-0.77431	25
62	0.87002	0.86461	0.83447	0.62898	-0.80804	23
63	0.8821	0.87456	0.83245	0.52134	-0.78664	27
64	0.87677	0.87107	0.83572	0.65322	-0.81789	28
77	0.88082	0.87409	0.83975	0.62562	-0.81449	32
105	0.87589	0.86723	0.83597	0.49889	-0.77863	27
120	0.88049	0.87607	0.83119	0.71939	-0.83797	33
135	0.87282	0.86707	0.83371	0.6516	-0.81487	26
137	0.87967	0.87606	0.83547	0.7097	-0.83494	30
160	0.88079	0.87107	0.83321	0.48701	-0.7744	25
164	0.87358	0.86802	0.83245	0.5759	-0.7956	23
169	0.86016	0.85407	0.83648	0.58068	-0.78982	23
\\10.92.10.11\wangderen\stroke\PyRadiomics\WCHSCU\Count16Width8WaveletWidth8Level2\bior2.4.csv	1	0.45	0.05	0.8
------------------------------------------------------------

x=1	0.88965	0.88815	0.79321	0.84744	-0.87966	45
\\10.92.10.11\wangderen\stroke\PyRadiomics\WCHSCU\Count16Width8WaveletWidth8Level2\bior2.6.csv	1	0.45	0.05	0.8
------------------------------------------------------------

x=1	0.85719	0.85539	0.82189	0.77193	-0.83679	23
\\10.92.10.11\wangderen\stroke\PyRadiomics\WCHSCU\Count16Width8WaveletWidth8Level2\bior2.8.csv	1	0.45	0.05	0.8
------------------------------------------------------------

x=1	0.854	0.8518	0.79522	0.70233	-0.81817	20
\\10.92.10.11\wangderen\stroke\PyRadiomics\WCHSCU\Count16Width8WaveletWidth8Level2\bior3.1.csv	1	0.45	0.05	0.8
------------------------------------------------------------

x=1	0.85099	0.84925	0.81107	0.67854	-0.81125	17
\\10.92.10.11\wangderen\stroke\PyRadiomics\WCHSCU\Count16Width8WaveletWidth8Level2\bior3.3.csv	1	0.45	0.05	0.8
------------------------------------------------------------

x=1	0.87262	0.87152	0.80629	0.78012	-0.84853	37
\\10.92.10.11\wangderen\stroke\PyRadiomics\WCHSCU\Count16Width8WaveletWidth8Level2\bior3.5.csv	1	0.45	0.05	0.8
------------------------------------------------------------

x=1	0.84682	0.84564	0.80352	0.68944	-0.81025	16
\\10.92.10.11\wangderen\stroke\PyRadiomics\WCHSCU\Count16Width8WaveletWidth8Level2\bior3.7.csv	1	0.45	0.05	0.8
------------------------------------------------------------

x=1	0.85248	0.85121	0.79245	0.71696	-0.81793	20
\\10.92.10.11\wangderen\stroke\PyRadiomics\WCHSCU\Count16Width8WaveletWidth8Level2\bior3.9.csv	1	0.45	0.05	0.8
------------------------------------------------------------

x=1	0.86515	0.8636	0.79623	0.74998	-0.83657	25
\\10.92.10.11\wangderen\stroke\PyRadiomics\WCHSCU\Count16Width8WaveletWidth8Level2\bior4.4.csv	1	0.45	0.05	0.8
------------------------------------------------------------

x=1	0.86631	0.8652	0.78642	0.7397	-0.8359	26
\\10.92.10.11\wangderen\stroke\PyRadiomics\WCHSCU\Count16Width8WaveletWidth8Level2\bior5.5.csv	1	0.45	0.05	0.8
------------------------------------------------------------

x=1	0.86692	0.86498	0.79547	0.7492	-0.84182	26
\\10.92.10.11\wangderen\stroke\PyRadiomics\WCHSCU\Count16Width8WaveletWidth8Level2\bior6.8.csv	1	0.45	0.05	0.8
------------------------------------------------------------

x=1	0.87014	0.86893	0.79094	0.79052	-0.85025	25
\\10.92.10.11\wangderen\stroke\PyRadiomics\WCHSCU\Count16Width8WaveletWidth8Level2\coif1.csv	1	0.45	0.05	0.8
------------------------------------------------------------

x=1	0.87372	0.87143	0.79723	0.79673	-0.85714	32
\\10.92.10.11\wangderen\stroke\PyRadiomics\WCHSCU\Count16Width8WaveletWidth8Level2\coif2.csv	1	0.45	0.05	0.8

0.865	0.86364	0.87069	0.65485	21
0.86642	0.87074	0.86516	0.77076	22
0.87006	0.87328	0.87094	0.76662	21
0.86385	0.8692	0.86566	0.64482	17
0.87343	0.87655	0.86843	0.78626	24
0.87138	0.8701	0.86843	0.60139	21
0.87291	0.87635	0.87346	0.7711	23
0.87343	0.87655	0.86843	0.78626	24
0.87234	0.87548	0.86843	0.78766	23
0.87343	0.87655	0.86843	0.78626	24
0.86695	0.86508	0.85031	0.65311	18
0.86789	0.87049	0.87421	0.76667	21
0.87343	0.87655	0.86843	0.78626	24
0.87343	0.87655	0.86843	0.78626	24
0.86661	0.87006	0.87321	0.73287	18
0.87343	0.87655	0.86843	0.78626	24
0.87343	0.87655	0.86843	0.78626	24
0.87022	0.87294	0.8722	0.78019	22
0.87057	0.87288	0.87195	0.78383	22
0.87136	0.87293	0.86969	0.77938	23
0.86289	0.85987	0.85887	0.55845	17
0.86853	0.87201	0.8556	0.69339	20
0.87343	0.87655	0.86843	0.78626	24
0.86235	0.86656	0.86642	0.74413	17
0.87343	0.87655	0.86843	0.78626	24
0.87123	0.87501	0.87698	0.76893	22
0.86329	0.86441	0.86063	0.65544	17
0.86847	0.86751	0.86818	0.67786	23
0.86359	0.86771	0.86415	0.73024	19
0.87343	0.87655	0.86843	0.78626	24
0.87343	0.87655	0.86843	0.78626	24
0.87028	0.87305	0.86289	0.70735	21
0.86761	0.86969	0.86289	0.66704	20
0.86682	0.86484	0.86063	0.56299	18
0.87234	0.87548	0.86843	0.78766	23
0.87008	0.87169	0.87371	0.7704	22
0.87056	0.87333	0.86365	0.78541	22
0.86517	0.86908	0.8639	0.76325	18
0.87057	0.87288	0.87195	0.78383	22
0.8674	0.86919	0.86692	0.74298	19
0.87056	0.87561	0.87245	0.77378	22
0.87343	0.87655	0.86843	0.78626	24
0.87138	0.87109	0.8722	0.60661	20
0.87343	0.87655	0.86843	0.78626	24
0.87343	0.87655	0.86843	0.78626	24
0.87343	0.87655	0.86843	0.78626	24
0.87343	0.87655	0.86843	0.78626	24
0.87343	0.87655	0.86843	0.78626	24
0.87343	0.87655	0.86843	0.78626	24
0.87343	0.87655	0.86843	0.78626	24
0.87343	0.87655	0.86843	0.78626	24
0.87343	0.87655	0.86843	0.78626	24
0.87343	0.87655	0.86843	0.78626	24
0.87343	0.87655	0.86843	0.78626	24
0.87343	0.87655	0.86843	0.78626	24
0.86538	0.86683	0.85761	0.6747	18
0.85677	0.86032	0.85132	0.69604	14
0.85573	0.85917	0.8561	0.70366	14
0.85649	0.85268	0.86566	0.54884	17
0.87343	0.87655	0.86843	0.78626	24
0.87343	0.87655	0.86843	0.78626	24
0.87584	0.87802	0.87145	0.69781	24
0.86906	0.87092	0.85887	0.70587	21
0.87008	0.87169	0.87371	0.7704	22
0.86915	0.87152	0.86164	0.67865	21
0.86923	0.87381	0.87346	0.77505	21
0.87343	0.87655	0.86843	0.78626	24
0.86794	0.87196	0.86289	0.76063	21
0.86771	0.86534	0.87195	0.58395	19
0.86538	0.86462	0.87119	0.65901	18
0.87343	0.87655	0.86843	0.78626	24
0.87343	0.87655	0.86843	0.78626	24
0.87343	0.87655	0.86843	0.78626	24
0.87343	0.87655	0.86843	0.78626	24
0.85404	0.85733	0.8566	0.68923	15
0.86574	0.86646	0.85761	0.74465	19
0.87343	0.87655	0.86843	0.78626	24
0.86853	0.86985	0.86742	0.7735	22
0.87291	0.87635	0.87346	0.7711	23
0.87343	0.87655	0.86843	0.78626	24
0.86864	0.87367	0.85333	0.75824	21
0.87136	0.87293	0.86969	0.77938	23
0.87343	0.87655	0.86843	0.78626	24
0.87181	0.87361	0.87119	0.78248	23
0.87343	0.87655	0.86843	0.78626	24
0.87057	0.87288	0.87195	0.78383	22
0.87349	0.8734	0.87069	0.69077	22
0.86517	0.86908	0.8639	0.76325	18
0.87291	0.87635	0.87346	0.7711	23
0.86989	0.86974	0.87497	0.68381	21
0.86808	0.87404	0.87296	0.74617	19
0.8645	0.86398	0.85358	0.65211	19
0.85719	0.85735	0.8639	0.74004	18
0.87343	0.87655	0.86843	0.78626	24
0.86165	0.86361	0.85233	0.74001	19
0.87234	0.87548	0.86843	0.78766	23
0.87343	0.87655	0.86843	0.78626	24
0.87136	0.87293	0.86969	0.77938	23
0.8705	0.87238	0.87522	0.76717	21
0.86369	0.86065	0.87245	0.64596	19
0.86757	0.87147	0.87698	0.76383	20
0.87343	0.87655	0.86843	0.78626	24
0.86796	0.86784	0.86491	0.67091	23
0.86865	0.87276	0.86465	0.76667	21
0.87343	0.87655	0.86843	0.78626	24
0.87343	0.87655	0.86843	0.78626	24
0.86923	0.87381	0.87346	0.77505	21
0.87181	0.87361	0.87119	0.78248	23
0.87343	0.87655	0.86843	0.78626	24
0.87181	0.87361	0.87119	0.78248	23
0.87343	0.87655	0.86843	0.78626	24
0.87343	0.87655	0.86843	0.78626	24
0.87343	0.87655	0.86843	0.78626	24
0.87291	0.87635	0.87346	0.7711	23
0.86853	0.87146	0.85962	0.77318	21
0.85475	0.85905	0.85937	0.72853	18
0.86774	0.87073	0.86491	0.77377	23
0.87234	0.87548	0.86843	0.78766	23
0.874	0.87257	0.87572	0.69159	22
0.87343	0.87655	0.86843	0.78626	24
0.87343	0.87655	0.86843	0.78626	24
0.86726	0.86467	0.87245	0.56011	19
0.87006	0.87328	0.87094	0.76662	21
0.86709	0.87043	0.85912	0.66947	20
0.86673	0.86982	0.8634	0.7582	20
0.86235	0.86656	0.86642	0.74413	17
0.87181	0.87361	0.87119	0.78248	23
0.8674	0.86789	0.86189	0.74969	20
0.86554	0.8629	0.87623	0.54925	17
0.8678	0.86907	0.86491	0.67345	19
0.87057	0.87288	0.87195	0.78383	22
0.87343	0.87655	0.86843	0.78626	24
0.87343	0.87655	0.86843	0.78626	24
0.87343	0.87655	0.86843	0.78626	24
0.8729	0.8702	0.86843	0.60716	21
0.8672	0.86942	0.87119	0.77497	20
0.866	0.8712	0.86289	0.75519	19
0.8678	0.86907	0.86491	0.67345	19
0.87181	0.87361	0.87119	0.78248	23
0.85894	0.86165	0.86289	0.64151	15
0.87343	0.87655	0.86843	0.78626	24
0.86907	0.87292	0.86843	0.67937	21
0.8661	0.87147	0.85132	0.76588	19
0.87343	0.87655	0.86843	0.78626	24
0.87343	0.87655	0.86843	0.78626	24
0.8709	0.86998	0.86239	0.60263	19
0.87087	0.87583	0.86969	0.7785	22
0.87217	0.87827	0.86969	0.77457	24
0.87057	0.87288	0.87195	0.78383	22
0.87302	0.87125	0.87119	0.67517	22
0.86964	0.87239	0.85862	0.70312	20
0.86548	0.86323	0.87296	0.6345	18
0.87343	0.87655	0.86843	0.78626	24
0.87806	0.87795	0.86038	0.50731	19
0.86314	0.86152	0.85006	0.64218	18
0.85847	0.85474	0.85635	0.57172	18
0.87008	0.87169	0.87371	0.7704	22
0.87057	0.87288	0.87195	0.78383	22
0.87349	0.8734	0.87069	0.69077	22
0.87343	0.87655	0.86843	0.78626	24
0.87343	0.87655	0.86843	0.78626	24
0.87343	0.87655	0.86843	0.78626	24
0.87343	0.87655	0.86843	0.78626	24
0.87343	0.87655	0.86843	0.78626	24
0.87343	0.87655	0.86843	0.78626	24
0.87343	0.87655	0.86843	0.78626	24
0.87343	0.87655	0.86843	0.78626	24
0.87343	0.87655	0.86843	0.78626	24
0.87343	0.87655	0.86843	0.78626	24
0.87343	0.87655	0.86843	0.78626	24
0.86856	0.87544	0.87447	0.75035	20
0.86534	0.86892	0.86264	0.77208	19
0.87057	0.87288	0.87195	0.78383	22
0.8661	0.87147	0.85132	0.76588	19
0.87011	0.87347	0.87597	0.76965	21
0.87343	0.87655	0.86843	0.78626	24
0.87343	0.87655	0.86843	0.78626	24
0.87343	0.87655	0.86843	0.78626	24
0.86517	0.86908	0.8639	0.76325	18
0.86391	0.86746	0.87597	0.74914	20
0.87087	0.87583	0.86969	0.7785	22
0.87291	0.87635	0.87346	0.7711	23
0.86709	0.87043	0.85912	0.66947	20
0.87343	0.87655	0.86843	0.78626	24
0.86836	0.8711	0.87648	0.77617	21
0.87343	0.87655	0.86843	0.78626	24
0.87343	0.87655	0.86843	0.78626	24
0.87343	0.87655	0.86843	0.78626	24
0.87343	0.87655	0.86843	0.78626	24
0.87343	0.87655	0.86843	0.78626	24
0.87057	0.87288	0.87195	0.78383	22
0.87343	0.87655	0.86843	0.78626	24
0.86667	0.8707	0.86138	0.77072	19
0.87343	0.87655	0.86843	0.78626	24
0.8566	0.85854	0.86063	0.61064	14
0.87343	0.87655	0.86843	0.78626	24
0.87181	0.87361	0.87119	0.78248	23
0.87123	0.87501	0.87698	0.76893	22
0.86794	0.87196	0.86289	0.76063	21
0.87181	0.87361	0.87119	0.78248	23
0.86514	0.86589	0.85811	0.68971	19
0.86252	0.86062	0.86164	0.55854	16
0.87034	0.87178	0.86566	0.76196	21
0.868	0.87112	0.8717	0.7747	21
0.86904	0.87438	0.86792	0.76601	22
0.86514	0.86589	0.85811	0.68971	19
0.85796	0.86141	0.86013	0.73629	17
0.86937	0.87146	0.86742	0.75548	21
0.86294	0.86338	0.85912	0.6723	17
0.86947	0.87304	0.86365	0.77643	21
0.87343	0.87655	0.86843	0.78626	24
0.86913	0.87283	0.85786	0.77445	22
0.86602	0.87043	0.85006	0.63716	17
0.87102	0.87405	0.87245	0.76901	22
0.87343	0.87655	0.86843	0.78626	24
0.87234	0.87548	0.86843	0.78766	23
0.8678	0.86907	0.86491	0.67345	19
0.87057	0.87288	0.87195	0.78383	22
0.87343	0.87655	0.86843	0.78626	24
0.87343	0.87655	0.86843	0.78626	24
0.87136	0.87293	0.86969	0.77938	23
0.87234	0.87548	0.86843	0.78766	23
0.87343	0.87655	0.86843	0.78626	24
0.87343	0.87655	0.86843	0.78626	24
0.87343	0.87655	0.86843	0.78626	24
0.87057	0.87288	0.87195	0.78383	22
0.86461	0.86483	0.85459	0.67206	17
0.86771	0.86534	0.87195	0.58395	19
0.87234	0.87548	0.86843	0.78766	23
0.87343	0.87655	0.86843	0.78626	24
0.86937	0.87146	0.86742	0.75548	21
0.86853	0.86985	0.86742	0.7735	22
0.87343	0.87655	0.86843	0.78626	24
0.87343	0.87655	0.86843	0.78626	24
0.874	0.87257	0.87572	0.69159	22
0.87343	0.87655	0.86843	0.78626	24
0.86329	0.86583	0.8634	0.72611	18
0.87343	0.87655	0.86843	0.78626	24
0.87057	0.87288	0.87195	0.78383	22
0.86765	0.87085	0.87447	0.77385	20
0.87291	0.87635	0.87346	0.7711	23
0.87343	0.87655	0.86843	0.78626	24
0.87343	0.87655	0.86843	0.78626	24
0.86884	0.87146	0.85686	0.68026	18
0.85711	0.85841	0.85585	0.73695	18
0.85866	0.86272	0.86063	0.70042	17
0.87181	0.87361	0.87119	0.78248	23
0.87181	0.87361	0.87119	0.78248	23
0.86968	0.87437	0.8644	0.69163	20
0.87	0.87546	0.87572	0.75646	20
0.87008	0.87169	0.87371	0.7704	22
0.87181	0.87361	0.87119	0.78248	23
0.87343	0.87655	0.86843	0.78626	24
0.86913	0.87316	0.87421	0.76975	21
0.87343	0.87655	0.86843	0.78626	24
0.87056	0.87561	0.87245	0.77378	22
0.87234	0.87548	0.86843	0.78766	23
0.86639	0.86552	0.86591	0.57643	18
0.86923	0.87381	0.87346	0.77505	21
0.86898	0.87269	0.85585	0.77881	22
0.85815	0.86136	0.85686	0.6235	16
0.87343	0.87655	0.86843	0.78626	24
0.87234	0.87548	0.86843	0.78766	23
0.86992	0.87411	0.86038	0.76438	20
0.87285	0.86739	0.85057	0.51418	20
0.87181	0.87361	0.87119	0.78248	23
0.87343	0.87655	0.86843	0.78626	24
0.87113	0.87575	0.87648	0.75874	21
0.87343	0.87655	0.86843	0.78626	24
0.87343	0.87655	0.86843	0.78626	24
0.87343	0.87655	0.86843	0.78626	24
0.87343	0.87655	0.86843	0.78626	24
0.87343	0.87655	0.86843	0.78626	24
0.87343	0.87655	0.86843	0.78626	24
0.87343	0.87655	0.86843	0.78626	24
0.87343	0.87655	0.86843	0.78626	24
0.87343	0.87655	0.86843	0.78626	24
0.87343	0.87655	0.86843	0.78626	24
0.86568	0.86886	0.87648	0.7631	21
0.86021	0.86358	0.85107	0.7244	16
0.87343	0.87655	0.86843	0.78626	24
0.86063	0.86416	0.86642	0.73518	18
0.86836	0.87041	0.85811	0.77634	22
0.87343	0.87655	0.86843	0.78626	24
0.87057	0.87288	0.87195	0.78383	22
0.87343	0.87655	0.86843	0.78626	24
0.87	0.87546	0.87572	0.75646	20
0.87034	0.87178	0.86566	0.76196	21
0.87343	0.87655	0.86843	0.78626	24
0.87343	0.87655	0.86843	0.78626	24
0.87123	0.87501	0.87698	0.76893	22
0.86802	0.86516	0.86214	0.56172	15
0.86923	0.87381	0.87346	0.77505	21
0.85717	0.85737	0.86013	0.61978	14
0.87343	0.87655	0.86843	0.78626	24
0.87087	0.87583	0.86969	0.7785	22
0.87343	0.87655	0.86843	0.78626	24
0.87087	0.87583	0.86969	0.7785	22
0.87181	0.87361	0.87119	0.78248	23
0.86909	0.86875	0.86893	0.60545	20
0.87343	0.87655	0.86843	0.78626	24
0.87136	0.87293	0.86969	0.77938	23
0.87343	0.87655	0.86843	0.78626	24
0.86356	0.86582	0.8556	0.67789	18
0.87181	0.87361	0.87119	0.78248	23
0.86853	0.86985	0.86742	0.7735	22
0.86348	0.86494	0.85182	0.65378	19
0.86571	0.86877	0.86214	0.77283	20
0.87057	0.87288	0.87195	0.78383	22
0.85826	0.86234	0.85107	0.71077	15
0.87056	0.87561	0.87245	0.77378	22
0.87057	0.87288	0.87195	0.78383	22
0.874	0.87257	0.87572	0.69159	22
0.87343	0.87655	0.86843	0.78626	24
0.87343	0.87655	0.86843	0.78626	24
0.87178	0.87547	0.87119	0.77722	23
0.85796	0.86141	0.86013	0.73629	17
0.87343	0.87655	0.86843	0.78626	24
0.8696	0.86891	0.87748	0.6601	20
0.87343	0.87655	0.86843	0.78626	24
0.87234	0.87548	0.86843	0.78766	23
0.87057	0.87288	0.87195	0.78383	22
0.87136	0.87293	0.86969	0.77938	23
0.86898	0.87269	0.85585	0.77881	22
0.87343	0.87655	0.86843	0.78626	24
0.87034	0.87178	0.86566	0.76196	21
0.87234	0.87548	0.86843	0.78766	23
0.86975	0.87063	0.87396	0.77102	21
0.87087	0.87583	0.86969	0.7785	22
0.87343	0.87655	0.86843	0.78626	24
0.86449	0.86192	0.8634	0.58302	18
0.87343	0.87655	0.86843	0.78626	24
0.87343	0.87655	0.86843	0.78626	24
0.86459	0.86236	0.86164	0.56332	17
0.87181	0.87361	0.87119	0.78248	23
0.86537	0.86976	0.86667	0.75866	18
0.86837	0.87181	0.85786	0.77763	21
0.85984	0.85237	0.85585	0.54324	20
0.86159	0.86202	0.85258	0.62003	16
0.86411	0.86208	0.86013	0.57718	19
0.86346	0.85998	0.86616	0.54592	16
0.86715	0.86536	0.85057	0.64977	20
0.8682	0.87163	0.86013	0.77992	21
0.87234	0.87548	0.86843	0.78766	23
0.87234	0.87548	0.86843	0.78766	23
0.87343	0.87655	0.86843	0.78626	24
0.86938	0.87483	0.87748	0.75887	20
0.86904	0.87438	0.86792	0.76601	22
0.87025	0.87502	0.85887	0.7655	21
0.87343	0.87655	0.86843	0.78626	24
0.87343	0.87655	0.86843	0.78626	24
0.87178	0.87547	0.87119	0.77722	23
0.87181	0.87361	0.87119	0.78248	23
0.87234	0.87548	0.86843	0.78766	23
0.87343	0.87655	0.86843	0.78626	24
0.87343	0.87655	0.86843	0.78626	24
0.87092	0.87294	0.8639	0.75605	22
0.87181	0.87361	0.87119	0.78248	23
0.87343	0.87655	0.86843	0.78626	24
0.87343	0.87655	0.86843	0.78626	24
0.87234	0.87548	0.86843	0.78766	23
0.87057	0.87288	0.87195	0.78383	22
0.87343	0.87655	0.86843	0.78626	24
0.86541	0.86784	0.8644	0.65535	17
0.86469	0.86493	0.8639	0.64919	17
0.8658	0.87113	0.86717	0.75018	18
0.87343	0.87655	0.86843	0.78626	24
0.87178	0.87341	0.87472	0.68474	21
0.86323	0.86601	0.8561	0.75091	22
0.87181	0.87361	0.87119	0.78248	23
0.86538	0.86683	0.85761	0.6747	18
0.87171	0.87531	0.87019	0.77467	22
0.87123	0.87439	0.86088	0.70547	22
0.86673	0.86982	0.8634	0.7582	20
0.87343	0.87655	0.86843	0.78626	24
0.87343	0.87655	0.86843	0.78626	24
0.86453	0.86688	0.86491	0.73077	19
0.86461	0.86483	0.85459	0.67206	17
0.87121	0.87215	0.85057	0.69314	22
0.87343	0.87655	0.86843	0.78626	24
0.87343	0.87655	0.86843	0.78626	24
0.87343	0.87655	0.86843	0.78626	24
0.87343	0.87655	0.86843	0.78626	24
0.87343	0.87655	0.86843	0.78626	24
0.87343	0.87655	0.86843	0.78626	24
0.87343	0.87655	0.86843	0.78626	24
0.87343	0.87655	0.86843	0.78626	24
0.87343	0.87655	0.86843	0.78626	24
0.87343	0.87655	0.86843	0.78626	24
0.87343	0.87655	0.86843	0.78626	24
0.87343	0.87655	0.86843	0.78626	24
0.86907	0.87047	0.86541	0.67761	20
0.87277	0.87161	0.8561	0.70274	21
0.86904	0.87438	0.86792	0.76601	22
0.86583	0.86864	0.87245	0.76937	20
0.87057	0.87288	0.87195	0.78383	22
0.87338	0.87396	0.88075	0.69067	21
0.87343	0.87655	0.86843	0.78626	24
0.87234	0.87548	0.86843	0.78766	23
0.87123	0.87501	0.87698	0.76893	22
0.86864	0.87367	0.85333	0.75824	21
0.8696	0.86891	0.87748	0.6601	20
0.86881	0.87202	0.87547	0.76753	22
0.87343	0.87655	0.86843	0.78626	24
0.87234	0.87548	0.86843	0.78766	23
0.87343	0.87655	0.86843	0.78626	24
0.87057	0.87288	0.87195	0.78383	22
0.86819	0.87279	0.86088	0.777	21
0.87343	0.87655	0.86843	0.78626	24
0.86021	0.86358	0.85107	0.7244	16
0.87343	0.87655	0.86843	0.78626	24
0.87181	0.87361	0.87119	0.78248	23
0.86768	0.87193	0.86465	0.69627	19
0.87343	0.87655	0.86843	0.78626	24
0.86673	0.87065	0.86893	0.7736	20
0.87343	0.87655	0.86843	0.78626	24
0.86893	0.87308	0.8644	0.75175	21
0.86568	0.86886	0.87648	0.7631	21
0.87343	0.87655	0.86843	0.78626	24
0.87343	0.87655	0.86843	0.78626	24
0.87343	0.87655	0.86843	0.78626	24
0.87343	0.87655	0.86843	0.78626	24
0.86452	0.86901	0.86239	0.74787	19
0.86328	0.86309	0.86164	0.65308	18
0.87343	0.87655	0.86843	0.78626	24
0.87136	0.87293	0.86969	0.77938	23
0.87056	0.87561	0.87245	0.77378	22
0.85579	0.85292	0.86038	0.50408	13
0.87343	0.87655	0.86843	0.78626	24
0.86594	0.8714	0.87019	0.75006	19
0.85796	0.86141	0.86013	0.73629	17
0.86362	0.86619	0.85836	0.7517	21
0.86638	0.86693	0.86516	0.67855	19
0.87343	0.87655	0.86843	0.78626	24
0.87343	0.87655	0.86843	0.78626	24
0.87178	0.87547	0.87119	0.77722	23
0.87234	0.87548	0.86843	0.78766	23
0.8713	0.86932	0.8634	0.60712	22
0.87322	0.87365	0.85635	0.53028	18
0.86021	0.86358	0.85107	0.7244	16
0.86538	0.86683	0.85761	0.6747	18
0.86825	0.87274	0.86717	0.7076	20
0.87181	0.87361	0.87119	0.78248	23
0.87343	0.87655	0.86843	0.78626	24
0.86431	0.86361	0.86642	0.65671	18
0.87343	0.87655	0.86843	0.78626	24
0.8682	0.87163	0.86013	0.77992	21
0.87181	0.87361	0.87119	0.78248	23
0.87343	0.87655	0.86843	0.78626	24
0.87343	0.87655	0.86843	0.78626	24
0.87087	0.87583	0.86969	0.7785	22
0.87343	0.87655	0.86843	0.78626	24
0.87123	0.87501	0.87698	0.76893	22
0.87113	0.87575	0.87648	0.75874	21
0.86909	0.86875	0.86893	0.60545	20
0.86703	0.87161	0.86189	0.76524	20
0.87343	0.87655	0.86843	0.78626	24
0.87074	0.87424	0.85484	0.78276	23
0.87087	0.87583	0.86969	0.7785	22
0.86159	0.86169	0.85208	0.65429	18
0.87057	0.87288	0.87195	0.78383	22
0.86906	0.87364	0.87597	0.76219	20
0.86686	0.86718	0.86365	0.67454	19
0.87057	0.87288	0.87195	0.78383	22
0.87343	0.87655	0.86843	0.78626	24
0.86656	0.87041	0.86868	0.74611	18
0.87181	0.87361	0.87119	0.78248	23
0.87343	0.87655	0.86843	0.78626	24
0.87181	0.87361	0.87119	0.78248	23
0.8632	0.86124	0.86516	0.58817	18
0.86571	0.86877	0.86214	0.77283	20
0.87312	0.86774	0.85132	0.48769	18
0.87172	0.87562	0.87698	0.77182	22
0.87343	0.87655	0.86843	0.78626	24
0.85441	0.85535	0.85509	0.70984	17
0.87057	0.87288	0.87195	0.78383	22
0.87343	0.87655	0.86843	0.78626	24
0.87343	0.87655	0.86843	0.78626	24
0.87343	0.87655	0.86843	0.78626	24
0.87343	0.87655	0.86843	0.78626	24
0.87234	0.87548	0.86843	0.78766	23
0.8682	0.86528	0.85686	0.51568	17
0.86825	0.87274	0.86717	0.7076	20
0.87234	0.87548	0.86843	0.78766	23
0.86356	0.86582	0.8556	0.67789	18
0.87181	0.87361	0.87119	0.78248	23
0.87343	0.87655	0.86843	0.78626	24
0.87343	0.87655	0.86843	0.78626	24
0.87343	0.87655	0.86843	0.78626	24
0.86758	0.86504	0.87547	0.6473	18
0.86554	0.86748	0.85811	0.6607	20
0.86376	0.86632	0.85912	0.77011	19
0.87343	0.87655	0.86843	0.78626	24
0.87343	0.87655	0.86843	0.78626	24
0.87343	0.87655	0.86843	0.78626	24
0.87343	0.87655	0.86843	0.78626	24
0.87343	0.87655	0.86843	0.78626	24
0.87343	0.87655	0.86843	0.78626	24
0.87343	0.87655	0.86843	0.78626	24
0.87343	0.87655	0.86843	0.78626	24
0.87343	0.87655	0.86843	0.78626	24
0.87343	0.87655	0.86843	0.78626	24
0.86373	0.8641	0.8561	0.65368	18
0.86216	0.86358	0.85031	0.75366	18
0.87181	0.87361	0.87119	0.78248	23
0.86772	0.86878	0.86289	0.68708	20
0.87042	0.87199	0.86365	0.70893	21
0.87343	0.87655	0.86843	0.78626	24
0.87343	0.87655	0.86843	0.78626	24
0.86571	0.86877	0.86214	0.77283	20
0.86985	0.86875	0.86767	0.58905	18
0.87343	0.87655	0.86843	0.78626	24
0.87181	0.87361	0.87119	0.78248	23
0.87157	0.87593	0.87346	0.76358	22
0.86679	0.87195	0.85937	0.75817	21
0.8687	0.86966	0.86516	0.6629	22
0.87343	0.87655	0.86843	0.78626	24
0.87343	0.87655	0.86843	0.78626	24
0.87343	0.87655	0.86843	0.78626	24
0.86947	0.86655	0.86113	0.57007	18
0.87343	0.87655	0.86843	0.78626	24
0.86703	0.87161	0.86189	0.76524	20
0.86923	0.87381	0.87346	0.77505	21
0.87343	0.87655	0.86843	0.78626	24
0.86924	0.87163	0.86767	0.78161	21
0.87172	0.87562	0.87698	0.77182	22
0.87056	0.87561	0.87245	0.77378	22
0.87157	0.87593	0.87346	0.76358	22
0.87343	0.87655	0.86843	0.78626	24
0.87343	0.87655	0.86843	0.78626	24
0.86072	0.85786	0.86742	0.53371	14
0.87343	0.87655	0.86843	0.78626	24
0.86568	0.86886	0.87648	0.7631	21
0.86687	0.8716	0.86415	0.75472	19
0.87181	0.87361	0.87119	0.78248	23
0.87181	0.87361	0.87119	0.78248	23
0.87277	0.87161	0.8561	0.70274	21
0.87343	0.87655	0.86843	0.78626	24
0.87343	0.87655	0.86843	0.78626	24
0.87181	0.87361	0.87119	0.78248	23
0.86537	0.86736	0.85509	0.74788	21
0.8662	0.87033	0.86994	0.76903	21
0.87343	0.87655	0.86843	0.78626	24
0.86906	0.87364	0.87597	0.76219	20
0.87092	0.87294	0.8639	0.75605	22
0.86966	0.86693	0.87044	0.58068	19
0.86574	0.86534	0.8644	0.65611	17
0.87178	0.87547	0.87119	0.77722	23
0.86576	0.86326	0.85283	0.63335	17
0.86456	0.86525	0.86491	0.66274	19
0.87181	0.87361	0.87119	0.78248	23
0.86656	0.87041	0.86868	0.74611	18
0.86673	0.87065	0.86893	0.7736	20
0.86825	0.87274	0.86717	0.7076	20
0.86715	0.87081	0.8722	0.74403	19
0.86053	0.8575	0.85937	0.52284	15
0.86628	0.86443	0.85535	0.57102	19
0.86765	0.87085	0.87447	0.77385	20
0.87123	0.87501	0.87698	0.76893	22
0.87181	0.87361	0.87119	0.78248	23
0.86825	0.87274	0.86717	0.7076	20
0.87343	0.87655	0.86843	0.78626	24
0.8643	0.86386	0.86415	0.56464	17
0.87057	0.87095	0.87371	0.66788	22
0.86909	0.86875	0.86893	0.60545	20
0.87343	0.87655	0.86843	0.78626	24
0.87343	0.87655	0.86843	0.78626	24
0.87343	0.87655	0.86843	0.78626	24
0.86862	0.8729	0.8717	0.76013	20
0.86545	0.8683	0.86616	0.75772	18
0.87343	0.87655	0.86843	0.78626	24
0.86521	0.86516	0.85736	0.68165	20
0.87234	0.87548	0.86843	0.78766	23
0.87057	0.87288	0.87195	0.78383	22
0.87234	0.87548	0.86843	0.78766	23
0.87343	0.87655	0.86843	0.78626	24
0.87048	0.87603	0.87522	0.7535	20
0.87343	0.87655	0.86843	0.78626	24
0.87367	0.87244	0.86214	0.6904	24
0.87343	0.87655	0.86843	0.78626	24
0.86898	0.87269	0.85585	0.77881	22
0.86864	0.86773	0.8556	0.69488	20
0.87343	0.87655	0.86843	0.78626	24
0.87036	0.86939	0.87874	0.66766	21
0.86825	0.87274	0.86717	0.7076	20
0.86318	0.86638	0.88352	0.72721	17
0.87343	0.87655	0.86843	0.78626	24
0.87057	0.87288	0.87195	0.78383	22
0.866	0.8705	0.85736	0.7613	20
0.86958	0.86732	0.86742	0.5666	18
0.86514	0.86589	0.85811	0.68971	19
0.87343	0.87655	0.86843	0.78626	24
0.86904	0.87438	0.86792	0.76601	22
0.87113	0.87575	0.87648	0.75874	21
0.87343	0.87655	0.86843	0.78626	24
0.87343	0.87655	0.86843	0.78626	24
0.87343	0.87655	0.86843	0.78626	24
0.87181	0.87361	0.87119	0.78248	23
0.87181	0.87361	0.87119	0.78248	23
0.87234	0.87548	0.86843	0.78766	23
0.87343	0.87655	0.86843	0.78626	24
0.86323	0.86574	0.85006	0.71988	17
0.86507	0.86352	0.85962	0.66895	20
0.87074	0.87424	0.85484	0.78276	23
0.85441	0.85535	0.85509	0.70984	17
0.87023	0.87441	0.85057	0.75824	23
0.86737	0.87056	0.85409	0.69842	20
0.86583	0.86864	0.87245	0.76937	20
0.87343	0.87655	0.86843	0.78626	24
0.85449	0.85428	0.85132	0.71887	19
0.87343	0.87655	0.86843	0.78626	24
0.87343	0.87655	0.86843	0.78626	24
0.87343	0.87655	0.86843	0.78626	24
0.87343	0.87655	0.86843	0.78626	24
0.87343	0.87655	0.86843	0.78626	24
0.87343	0.87655	0.86843	0.78626	24
0.87343	0.87655	0.86843	0.78626	24
0.87343	0.87655	0.86843	0.78626	24
0.87343	0.87655	0.86843	0.78626	24
0.86673	0.87065	0.86893	0.7736	20
0.87343	0.87655	0.86843	0.78626	24
0.87056	0.87561	0.87245	0.77378	22
0.87074	0.87424	0.85484	0.78276	23
0.87343	0.87655	0.86843	0.78626	24
0.86286	0.86586	0.86491	0.75816	19
0.86935	0.86938	0.87899	0.65901	19
0.87343	0.87655	0.86843	0.78626	24
0.86624	0.86535	0.85836	0.67484	21
0.86896	0.87169	0.87094	0.77539	22
0.86638	0.87139	0.87145	0.75723	19
0.87016	0.87172	0.8639	0.67378	19
0.8596	0.86194	0.85057	0.70958	15
0.87343	0.87655	0.86843	0.78626	24
0.87181	0.87361	0.87119	0.78248	23
0.87171	0.87531	0.87019	0.77467	22
0.87181	0.87361	0.87119	0.78248	23
0.87343	0.87655	0.86843	0.78626	24
0.87087	0.87583	0.86969	0.7785	22
0.87343	0.87655	0.86843	0.78626	24
0.87056	0.87561	0.87245	0.77378	22
0.87181	0.87361	0.87119	0.78248	23
0.86597	0.86773	0.85786	0.66424	21
0.86904	0.87438	0.86792	0.76601	22
0.87343	0.87655	0.86843	0.78626	24
0.87123	0.87501	0.87698	0.76893	22
0.87343	0.87655	0.86843	0.78626	24
0.86789	0.87146	0.85057	0.68424	17
0.87343	0.87655	0.86843	0.78626	24
0.86904	0.87438	0.86792	0.76601	22
0.86332	0.86306	0.86013	0.65967	16
0.8682	0.87163	0.86013	0.77992	21
0.86514	0.86589	0.85811	0.68971	19
0.87343	0.87655	0.86843	0.78626	24
0.87343	0.87655	0.86843	0.78626	24
0.86789	0.87256	0.86415	0.766	20
0.87343	0.87655	0.86843	0.78626	24
0.87343	0.87655	0.86843	0.78626	24
0.87343	0.87655	0.86843	0.78626	24
0.87113	0.87575	0.87648	0.75874	21
0.8696	0.87326	0.87245	0.76309	21
0.86701	0.87022	0.85308	0.69325	20
0.86913	0.87316	0.87421	0.76975	21
0.87719	0.87537	0.86289	0.62224	22
0.86995	0.87346	0.85233	0.75532	22
0.86049	0.86401	0.8561	0.72916	17
0.86709	0.86472	0.86088	0.60626	20
0.86813	0.87099	0.8639	0.76748	22
0.86825	0.87274	0.86717	0.7076	20
0.87057	0.87288	0.87195	0.78383	22
0.86817	0.87027	0.85686	0.76217	21
0.87343	0.87655	0.86843	0.78626	24
0.87016	0.86908	0.86943	0.601	19
0.86842	0.87255	0.86692	0.69383	19
0.85931	0.85997	0.85862	0.63701	17
0.87343	0.87655	0.86843	0.78626	24
0.87343	0.87655	0.86843	0.78626	24
0.87172	0.87562	0.87698	0.77182	22
0.86514	0.86887	0.87346	0.76224	21
0.86318	0.86638	0.88352	0.72721	17
0.87087	0.87583	0.86969	0.7785	22
0.86703	0.87161	0.86189	0.76524	20
0.86825	0.87274	0.86717	0.7076	20
0.87234	0.87548	0.86843	0.78766	23
0.86833	0.86779	0.86113	0.67595	18
0.87181	0.87361	0.87119	0.78248	23
0.86895	0.87331	0.86918	0.77034	22
0.87343	0.87655	0.86843	0.78626	24
0.86898	0.87269	0.85585	0.77881	22
0.86737	0.86907	0.87849	0.75416	19
0.87343	0.87655	0.86843	0.78626	24
0.86862	0.8729	0.8717	0.76013	20
0.86667	0.87217	0.87774	0.73726	19
0.87343	0.87655	0.86843	0.78626	24
0.8678	0.86907	0.86491	0.67345	19
0.86369	0.86159	0.86994	0.63631	18
0.86012	0.86456	0.86415	0.73771	19
0.86938	0.87483	0.87748	0.75887	20
0.87343	0.87655	0.86843	0.78626	24
0.86462	0.86637	0.85811	0.73474	19
0.87343	0.87655	0.86843	0.78626	24
0.87343	0.87655	0.86843	0.78626	24
0.87343	0.87655	0.86843	0.78626	24
0.87343	0.87655	0.86843	0.78626	24
0.87158	0.87106	0.87044	0.59505	19
0.87343	0.87655	0.86843	0.78626	24
0.86896	0.87169	0.87094	0.77539	22
0.87343	0.87655	0.86843	0.78626	24
0.87363	0.87333	0.86415	0.69271	24
0.86026	0.85885	0.85384	0.63784	17
0.87181	0.87361	0.87119	0.78248	23
0.87343	0.87655	0.86843	0.78626	24
0.86947	0.86655	0.86113	0.57007	18
0.87181	0.87361	0.87119	0.78248	23
0.87109	0.8742	0.87925	0.66837	20
0.87343	0.87655	0.86843	0.78626	24
0.86404	0.86148	0.85208	0.66576	19
0.87057	0.87288	0.87195	0.78383	22
0.87343	0.87655	0.86843	0.78626	24
0.86906	0.87364	0.87597	0.76219	20
0.86225	0.86269	0.86314	0.65075	16
0.86266	0.86377	0.86969	0.72241	18
0.86825	0.87274	0.86717	0.7076	20
0.85936	0.85802	0.86038	0.53053	15
0.87343	0.87655	0.86843	0.78626	24
0.87343	0.87655	0.86843	0.78626	24
0.87343	0.87655	0.86843	0.78626	24
0.87343	0.87655	0.86843	0.78626	24
0.87343	0.87655	0.86843	0.78626	24
0.87343	0.87655	0.86843	0.78626	24
0.87343	0.87655	0.86843	0.78626	24
0.87343	0.87655	0.86843	0.78626	24
0.87343	0.87655	0.86843	0.78626	24
0.87343	0.87655	0.86843	0.78626	24
0.87343	0.87655	0.86843	0.78626	24
0.86825	0.87274	0.86717	0.7076	20
0.86913	0.87316	0.87421	0.76975	21
0.859	0.85751	0.8566	0.53548	15
0.86475	0.86693	0.86667	0.74579	19
0.87014	0.86969	0.86742	0.6842	19
0.87343	0.87655	0.86843	0.78626	24
0.86741	0.87149	0.85937	0.77057	21
0.87343	0.87655	0.86843	0.78626	24
0.87343	0.87655	0.86843	0.78626	24
0.87343	0.87655	0.86843	0.78626	24
0.86673	0.87065	0.86893	0.7736	20
0.86675	0.87008	0.86591	0.75819	18
0.86789	0.87256	0.86415	0.766	20
0.86447	0.86375	0.86164	0.62156	16
0.87057	0.87288	0.87195	0.78383	22
0.86707	0.87212	0.88025	0.74547	19
0.86444	0.86979	0.88252	0.74254	18
0.87343	0.87655	0.86843	0.78626	24
0.86737	0.87147	0.85107	0.77315	19
0.87181	0.87361	0.87119	0.78248	23
0.86594	0.86467	0.88	0.66002	18
0.86514	0.86589	0.85811	0.68971	19
0.86923	0.87381	0.87346	0.77505	21
0.87172	0.87562	0.87698	0.77182	22
0.86749	0.86978	0.85836	0.6797	22
0.87343	0.87655	0.86843	0.78626	24
0.87343	0.87655	0.86843	0.78626	24
0.86418	0.86167	0.85686	0.5648	19
0.87343	0.87655	0.86843	0.78626	24
0.85362	0.85412	0.85912	0.70849	17
0.86552	0.86836	0.8639	0.67799	20
0.87178	0.87547	0.87119	0.77722	23
0.87343	0.87655	0.86843	0.78626	24
0.86802	0.8737	0.87547	0.75135	20
0.86779	0.86963	0.87245	0.6489	19
0.8645	0.86982	0.87547	0.74161	18
0.87181	0.87361	0.87119	0.78248	23
0.87343	0.87655	0.86843	0.78626	24
0.87074	0.87424	0.85484	0.78276	23
0.86817	0.87165	0.87522	0.74614	20
0.86476	0.86878	0.85132	0.66858	19
0.8654	0.8683	0.87572	0.75596	20
0.87343	0.87655	0.86843	0.78626	24
0.87234	0.87548	0.86843	0.78766	23
0.86961	0.87252	0.86239	0.70571	21
0.86741	0.87037	0.8644	0.76343	19
0.86704	0.87025	0.86491	0.75387	19
0.86825	0.87274	0.86717	0.7076	20
0.87123	0.87501	0.87698	0.76893	22
0.87234	0.87548	0.86843	0.78766	23
0.87343	0.87655	0.86843	0.78626	24
0.87343	0.87655	0.86843	0.78626	24
0.87087	0.87583	0.86969	0.7785	22
0.87262	0.8733	0.86818	0.69337	23
0.86639	0.87131	0.8644	0.75394	18
0.87198	0.87418	0.86189	0.70945	22
0.86898	0.87269	0.85585	0.77881	22
0.87181	0.87361	0.87119	0.78248	23
0.86837	0.87405	0.86918	0.74305	21
0.86422	0.86398	0.86943	0.64053	19
0.86614	0.86994	0.85484	0.74326	21
0.87343	0.87655	0.86843	0.78626	24
0.86732	0.87323	0.87849	0.75134	21
0.87343	0.87655	0.86843	0.78626	24
0.86603	0.85982	0.85761	0.56386	17
0.87343	0.87655	0.86843	0.78626	24
0.86723	0.86956	0.86818	0.67352	18
0.87343	0.87655	0.86843	0.78626	24
0.8596	0.86194	0.85057	0.70958	15
0.87178	0.87547	0.87119	0.77722	23
0.86393	0.86312	0.85057	0.74148	21
0.87343	0.87655	0.86843	0.78626	24
0.87343	0.87655	0.86843	0.78626	24
0.87343	0.87655	0.86843	0.78626	24
0.86755	0.8721	0.85459	0.74722	20
0.86995	0.87346	0.85233	0.75532	22
0.86449	0.86516	0.86138	0.66907	17
0.86757	0.87147	0.87698	0.76383	20
0.8659	0.86862	0.87245	0.731	18
0.86182	0.86292	0.85057	0.66371	17
0.87343	0.87655	0.86843	0.78626	24
0.86481	0.8647	0.85962	0.69325	20
0.87056	0.87561	0.87245	0.77378	22
0.87036	0.86939	0.87874	0.66766	21
0.87343	0.87655	0.86843	0.78626	24
0.87057	0.87288	0.87195	0.78383	22
0.87343	0.87655	0.86843	0.78626	24
0.87343	0.87655	0.86843	0.78626	24
0.86825	0.86816	0.86994	0.67749	22
0.87123	0.87501	0.87698	0.76893	22
0.87343	0.87655	0.86843	0.78626	24
0.87109	0.8742	0.87925	0.66837	20
0.87087	0.87583	0.86969	0.7785	22
0.87011	0.87347	0.87597	0.76965	21
0.87343	0.87655	0.86843	0.78626	24
0.87039	0.87675	0.87421	0.76413	21
0.87022	0.87294	0.8722	0.78019	22
0.87205	0.87578	0.85635	0.70818	21
0.86924	0.87163	0.86767	0.78161	21
0.87343	0.87655	0.86843	0.78626	24
0.87181	0.87361	0.87119	0.78248	23
0.87343	0.87655	0.86843	0.78626	24
0.86791	0.86498	0.86717	0.56005	16
0.87181	0.87361	0.87119	0.78248	23
0.87343	0.87655	0.86843	0.78626	24
0.87006	0.86755	0.87069	0.65009	21
0.87343	0.87655	0.86843	0.78626	24
0.87343	0.87655	0.86843	0.78626	24
0.87343	0.87655	0.86843	0.78626	24
0.87343	0.87655	0.86843	0.78626	24
0.87343	0.87655	0.86843	0.78626	24
0.87343	0.87655	0.86843	0.78626	24
0.87343	0.87655	0.86843	0.78626	24
0.87343	0.87655	0.86843	0.78626	24
0.87343	0.87655	0.86843	0.78626	24
0.87343	0.87655	0.86843	0.78626	24
0.87181	0.87361	0.87119	0.78248	23
0.86559	0.86572	0.87044	0.64709	20
0.87234	0.87548	0.86843	0.78766	23
0.87234	0.87548	0.86843	0.78766	23
0.85426	0.85271	0.85107	0.63922	24
0.86845	0.87258	0.85836	0.77431	20
0.86924	0.87163	0.86767	0.78161	21
0.87087	0.87583	0.86969	0.7785	22
0.86921	0.87212	0.86314	0.77676	22
0.86749	0.86872	0.86767	0.67884	18
0.8661	0.8671	0.85182	0.75374	21
0.8647	0.86683	0.8556	0.68891	18
0.87011	0.87347	0.87597	0.76965	21
0.87343	0.87655	0.86843	0.78626	24
0.86253	0.86282	0.85409	0.63895	17
0.86774	0.87228	0.87421	0.76205	21
0.8691	0.87329	0.86038	0.76541	21
0.86992	0.87134	0.87245	0.76745	21
0.86749	0.86985	0.87673	0.76734	20
0.86789	0.87256	0.86415	0.766	20
0.87343	0.87655	0.86843	0.78626	24
0.86732	0.87323	0.87849	0.75134	21
0.87343	0.87655	0.86843	0.78626	24
0.87343	0.87655	0.86843	0.78626	24
0.87343	0.87655	0.86843	0.78626	24
0.86523	0.86998	0.87421	0.74955	19
0.87059	0.87246	0.87396	0.76367	22
0.86673	0.87065	0.86893	0.7736	20
0.87056	0.87561	0.87245	0.77378	22
0.86383	0.86764	0.86994	0.75531	21
0.86624	0.8692	0.86214	0.68536	20
0.87343	0.87655	0.86843	0.78626	24
0.87343	0.87655	0.86843	0.78626	24
0.86792	0.87225	0.86063	0.77945	20
0.8711	0.8725	0.86943	0.60335	20
0.87102	0.87405	0.87245	0.76901	22
0.87234	0.87548	0.86843	0.78766	23
0.8617	0.85567	0.87572	0.50952	16
0.87178	0.87547	0.87119	0.77722	23
0.87057	0.87288	0.87195	0.78383	22
0.86789	0.86672	0.86013	0.58428	19
0.86923	0.87381	0.87346	0.77505	21
0.87336	0.8734	0.86642	0.66723	22
0.87343	0.87655	0.86843	0.78626	24
0.87343	0.87655	0.86843	0.78626	24
0.87047	0.87285	0.87321	0.76831	21
0.87343	0.87655	0.86843	0.78626	24
0.86583	0.8675	0.85157	0.64407	17
0.86755	0.8721	0.85459	0.74722	20
0.8687	0.87216	0.8634	0.68169	19
0.87019	0.87205	0.87975	0.65499	22
0.87343	0.87655	0.86843	0.78626	24
0.87343	0.87655	0.86843	0.78626	24
0.85914	0.85624	0.86667	0.53696	18
0.87013	0.87425	0.86465	0.69159	20
0.86923	0.87381	0.87346	0.77505	21
0.87109	0.8742	0.87925	0.66837	20
0.86885	0.87105	0.85132	0.76362	22
0.8681	0.86935	0.86692	0.59272	19
0.87343	0.87655	0.86843	0.78626	24
0.86876	0.87406	0.86742	0.76546	21
0.87181	0.87361	0.87119	0.78248	23
0.86923	0.87381	0.87346	0.77505	21
0.86605	0.87242	0.87748	0.74298	19
0.86924	0.87163	0.86767	0.78161	21
0.87343	0.87655	0.86843	0.78626	24
0.87343	0.87655	0.86843	0.78626	24
0.87011	0.87347	0.87597	0.76965	21
0.86638	0.86693	0.86516	0.67855	19
0.86748	0.87161	0.86164	0.76957	20
0.87181	0.87361	0.87119	0.78248	23
0.86115	0.86065	0.86038	0.55569	16
0.86636	0.86878	0.86792	0.75546	20
0.87009	0.87506	0.87522	0.75725	22
0.87215	0.87247	0.8722	0.67529	20
0.87071	0.87171	0.85962	0.67081	22
0.86896	0.87169	0.87094	0.77539	22
0.87343	0.87655	0.86843	0.78626	24
0.8727	0.87606	0.86918	0.77378	23
0.87181	0.87361	0.87119	0.78248	23
0.87343	0.87655	0.86843	0.78626	24
0.86115	0.8572	0.86692	0.55666	17
0.86881	0.87193	0.8722	0.7675	20
0.87057	0.87288	0.87195	0.78383	22
0.8594	0.86109	0.8556	0.74592	19
0.86723	0.86956	0.86818	0.67352	18
0.86476	0.86878	0.85132	0.66858	19
0.86828	0.86987	0.85233	0.67608	19
0.86878	0.86749	0.87497	0.55883	18
0.86774	0.87073	0.86491	0.77377	23
0.86572	0.86225	0.85912	0.53884	15
0.86548	0.86841	0.86994	0.72679	18
0.86961	0.87252	0.86239	0.70571	21
0.86906	0.87364	0.87597	0.76219	20
0.86614	0.86994	0.85484	0.74326	21
0.87181	0.87361	0.87119	0.78248	23
0.87343	0.87655	0.86843	0.78626	24
0.87343	0.87655	0.86843	0.78626	24
0.87138	0.87109	0.8722	0.60661	20
0.87343	0.87655	0.86843	0.78626	24
0.87343	0.87655	0.86843	0.78626	24
0.86675	0.87008	0.86591	0.75819	18
0.86249	0.86332	0.85786	0.67802	20
0.86975	0.87063	0.87396	0.77102	21
0.87234	0.87548	0.86843	0.78766	23
0.87343	0.87655	0.86843	0.78626	24
0.87343	0.87655	0.86843	0.78626	24
0.86892	0.87297	0.86013	0.76081	21
0.86923	0.87381	0.87346	0.77505	21
0.87343	0.87655	0.86843	0.78626	24
0.87343	0.87655	0.86843	0.78626	24
0.87343	0.87655	0.86843	0.78626	24
0.87343	0.87655	0.86843	0.78626	24
0.87343	0.87655	0.86843	0.78626	24
0.87343	0.87655	0.86843	0.78626	24
0.87343	0.87655	0.86843	0.78626	24
0.87343	0.87655	0.86843	0.78626	24
0.87343	0.87655	0.86843	0.78626	24
0.87343	0.87655	0.86843	0.78626	24
0.87343	0.87655	0.86843	0.78626	24
0.87343	0.87655	0.86843	0.78626	24
0.87057	0.87288	0.87195	0.78383	22
0.86281	0.86589	0.86994	0.74972	20
0.87343	0.87655	0.86843	0.78626	24
0.87181	0.87361	0.87119	0.78248	23
0.87302	0.87269	0.85761	0.65579	20
0.86774	0.87073	0.86491	0.77377	23
0.86825	0.87274	0.86717	0.7076	20
0.86923	0.87381	0.87346	0.77505	21
0.8671	0.87087	0.87447	0.75606	20
0.87057	0.87288	0.87195	0.78383	22
0.86909	0.87186	0.86113	0.6905	20
0.87665	0.87348	0.85258	0.57888	23
0.86813	0.87109	0.87673	0.75399	20
0.86825	0.87274	0.86717	0.7076	20
0.86896	0.87169	0.87094	0.77539	22
0.87123	0.87501	0.87698	0.76893	22
0.86281	0.86589	0.86994	0.74972	20
0.86924	0.87163	0.86767	0.78161	21
0.86509	0.86767	0.86667	0.75728	18
0.87343	0.87655	0.86843	0.78626	24
0.87057	0.87288	0.87195	0.78383	22
0.86506	0.8706	0.86289	0.74812	19
0.87234	0.87548	0.86843	0.78766	23
0.87343	0.87655	0.86843	0.78626	24
0.87343	0.87655	0.86843	0.78626	24
0.86693	0.86948	0.86566	0.66954	18
0.87234	0.87548	0.86843	0.78766	23
0.87343	0.87655	0.86843	0.78626	24
0.87343	0.87655	0.86843	0.78626	24
0.8691	0.86638	0.85006	0.60382	21
0.87014	0.87285	0.86264	0.68578	19
0.86669	0.8692	0.86918	0.7559	21
0.87039	0.87472	0.87019	0.76969	21
0.87343	0.87655	0.86843	0.78626	24
0.86885	0.87105	0.85132	0.76362	22
0.86797	0.87092	0.86038	0.69329	20
0.87343	0.87655	0.86843	0.78626	24
0.87181	0.87361	0.87119	0.78248	23
0.86933	0.87299	0.87145	0.76172	21
0.87048	0.87603	0.87522	0.7535	20
0.86639	0.86862	0.87069	0.75036	19
0.87343	0.87655	0.86843	0.78626	24
0.86512	0.8612	0.8566	0.57152	18
0.87234	0.87548	0.86843	0.78766	23
0.87343	0.87655	0.86843	0.78626	24
0.86537	0.86976	0.86667	0.75866	18
0.87343	0.87655	0.86843	0.78626	24
0.86792	0.87225	0.86063	0.77945	20
0.86772	0.87063	0.87799	0.76156	20
0.87172	0.87562	0.87698	0.77182	22
0.87234	0.87548	0.86843	0.78766	23
0.86842	0.87255	0.86692	0.69383	19
0.87343	0.87655	0.86843	0.78626	24
0.8691	0.87329	0.86038	0.76541	21
0.86861	0.87269	0.85736	0.77825	21
0.86703	0.86667	0.86893	0.57855	16
0.87343	0.87655	0.86843	0.78626	24
0.87343	0.87655	0.86843	0.78626	24
0.87107	0.86984	0.87321	0.58468	19
0.87343	0.87655	0.86843	0.78626	24
0.86923	0.87381	0.87346	0.77505	21
0.86906	0.87364	0.87597	0.76219	20
0.87057	0.87288	0.87195	0.78383	22
0.86817	0.87165	0.87522	0.74614	20
0.87087	0.87583	0.86969	0.7785	22
0.86923	0.87381	0.87346	0.77505	21
0.87011	0.87347	0.87597	0.76965	21
0.87226	0.87194	0.86239	0.69103	23
0.86348	0.86784	0.87572	0.74116	18
0.86913	0.87283	0.85786	0.77445	22
0.86825	0.86913	0.86113	0.66464	21
0.87181	0.87361	0.87119	0.78248	23
0.87009	0.87506	0.87522	0.75725	22
0.87343	0.87655	0.86843	0.78626	24
0.86012	0.85898	0.8566	0.63279	16
0.87343	0.87655	0.86843	0.78626	24
0.86108	0.86122	0.86792	0.65262	18
0.87057	0.86498	0.88	0.53206	18
0.87343	0.87655	0.86843	0.78626	24
0.87057	0.87288	0.87195	0.78383	22
0.87013	0.87425	0.86465	0.69159	20
0.87011	0.87347	0.87597	0.76965	21
0.86879	0.86822	0.85836	0.66221	19
0.8691	0.87329	0.86038	0.76541	21
0.86597	0.86688	0.86465	0.75944	19
0.86896	0.87169	0.87094	0.77539	22
0.86749	0.86985	0.87673	0.76734	20
0.86885	0.87105	0.85132	0.76362	22
0.87037	0.87319	0.87119	0.76702	22
0.86625	0.86956	0.87321	0.74462	18
0.86765	0.87313	0.87723	0.75366	19
0.87057	0.87288	0.87195	0.78383	22
0.86892	0.87297	0.86013	0.76081	21
0.86775	0.87036	0.86214	0.75869	20
0.86924	0.87163	0.86767	0.78161	21
0.86923	0.87381	0.87346	0.77505	21
0.86636	0.86878	0.86792	0.75546	20
0.87343	0.87655	0.86843	0.78626	24
0.86537	0.86957	0.85057	0.73193	20
0.87022	0.87294	0.8722	0.78019	22
0.86744	0.87353	0.8795	0.74487	20
0.87123	0.87501	0.87698	0.76893	22
0.86196	0.86288	0.85006	0.63349	16
0.87178	0.87547	0.87119	0.77722	23
0.86732	0.87323	0.87849	0.75134	21
0.87234	0.87548	0.86843	0.78766	23
0.87181	0.87361	0.87119	0.78248	23
0.87343	0.87655	0.86843	0.78626	24
0.87181	0.87361	0.87119	0.78248	23
0.85671	0.85422	0.86189	0.61605	14
0.87343	0.87655	0.86843	0.78626	24
0.86813	0.87064	0.85962	0.77078	21
0.86253	0.8659	0.86164	0.63349	16
0.87343	0.87655	0.86843	0.78626	24
0.87343	0.87655	0.86843	0.78626	24
0.87343	0.87655	0.86843	0.78626	24
0.87343	0.87655	0.86843	0.78626	24
0.87343	0.87655	0.86843	0.78626	24
0.87343	0.87655	0.86843	0.78626	24
0.87343	0.87655	0.86843	0.78626	24
0.87343	0.87655	0.86843	0.78626	24
0.87343	0.87655	0.86843	0.78626	24
0.87343	0.87655	0.86843	0.78626	24
0.87234	0.87548	0.86843	0.78766	23
0.87172	0.87562	0.87698	0.77182	22
0.86452	0.86675	0.8644	0.66185	18
0.87178	0.87547	0.87119	0.77722	23
0.87343	0.87655	0.86843	0.78626	24
0.86873	0.87244	0.87346	0.76062	21
0.86963	0.87365	0.85358	0.75009	21
0.86765	0.87313	0.87723	0.75366	19
0.87181	0.87361	0.87119	0.78248	23
0.87341	0.87387	0.86843	0.60819	21
0.86366	0.86891	0.87346	0.74065	19
0.87181	0.87361	0.87119	0.78248	23
0.86625	0.86956	0.87321	0.74462	18
0.85751	0.85661	0.86868	0.62052	15
0.86706	0.86844	0.86616	0.69136	19
0.87245	0.87174	0.87421	0.67244	21
0.86892	0.87297	0.86013	0.76081	21
0.87343	0.87655	0.86843	0.78626	24
0.87022	0.87294	0.8722	0.78019	22
0.87343	0.87655	0.86843	0.78626	24
0.87019	0.87326	0.85811	0.76771	22
0.86789	0.87049	0.87421	0.76667	21
0.8685	0.87007	0.85459	0.68859	18
0.87178	0.87547	0.87119	0.77722	23
0.87181	0.87361	0.87119	0.78248	23
0.87234	0.87548	0.86843	0.78766	23
0.87181	0.87361	0.87119	0.78248	23
0.87343	0.87655	0.86843	0.78626	24
0.87011	0.87347	0.87597	0.76965	21
0.86772	0.87063	0.87799	0.76156	20
0.86754	0.86912	0.8717	0.65651	18
0.87343	0.87655	0.86843	0.78626	24
0.86672	0.8676	0.86843	0.66119	19
0.87234	0.87548	0.86843	0.78766	23
0.86428	0.86489	0.85862	0.67909	17
0.8691	0.87329	0.86038	0.76541	21
0.87234	0.87548	0.86843	0.78766	23
0.87057	0.87288	0.87195	0.78383	22
0.8661	0.86998	0.85509	0.75082	20
0.86875	0.8675	0.86591	0.55888	16
0.87181	0.87361	0.87119	0.78248	23
0.87011	0.87347	0.87597	0.76965	21
0.87189	0.872	0.86642	0.61106	20
0.87011	0.87347	0.87597	0.76965	21
0.8662	0.87117	0.85409	0.75178	18
0.86129	0.86666	0.86214	0.73405	19
0.87343	0.87655	0.86843	0.78626	24
0.87343	0.87655	0.86843	0.78626	24
0.87234	0.87548	0.86843	0.78766	23
0.86588	0.86859	0.85937	0.77126	20
0.87343	0.87655	0.86843	0.78626	24
0.86775	0.87036	0.86214	0.75869	20
0.86602	0.86948	0.8722	0.75268	20
0.87343	0.87655	0.86843	0.78626	24
0.87343	0.87655	0.86843	0.78626	24
0.86706	0.86844	0.86616	0.69136	19
0.87343	0.87655	0.86843	0.78626	24
0.86768	0.86704	0.86541	0.6611	18
0.86825	0.87274	0.86717	0.7076	20
0.87028	0.87305	0.86289	0.70735	21
0.86924	0.87163	0.86767	0.78161	21
0.87343	0.87655	0.86843	0.78626	24
0.87234	0.87548	0.86843	0.78766	23
0.87343	0.87655	0.86843	0.78626	24
0.87056	0.87561	0.87245	0.77378	22
0.87343	0.87655	0.86843	0.78626	24
0.87184	0.87258	0.85182	0.56356	20
0.86636	0.86622	0.86717	0.66565	19
0.87234	0.87548	0.86843	0.78766	23
0.87061	0.87501	0.87572	0.76162	21
0.86765	0.87313	0.87723	0.75366	19
0.87181	0.87361	0.87119	0.78248	23
0.87609	0.87615	0.87145	0.69918	24
0.86748	0.87216	0.85962	0.76336	22
0.87011	0.87347	0.87597	0.76965	21
0.87028	0.87305	0.86289	0.70735	21
0.87234	0.87548	0.86843	0.78766	23
0.87343	0.87655	0.86843	0.78626	24
0.87343	0.87655	0.86843	0.78626	24
0.87302	0.87125	0.87119	0.67517	22
0.86906	0.87364	0.87597	0.76219	20
0.86281	0.86589	0.86994	0.74972	20
0.86775	0.87036	0.86214	0.75869	20
0.86537	0.86976	0.86667	0.75866	18
0.87181	0.87361	0.87119	0.78248	23
0.87037	0.87319	0.87119	0.76702	22
0.87343	0.87655	0.86843	0.78626	24
0.86995	0.87099	0.86516	0.78021	22
0.87181	0.87361	0.87119	0.78248	23
0.86343	0.86483	0.85484	0.65421	19
0.87099	0.87449	0.87421	0.75625	21
0.87172	0.87562	0.87698	0.77182	22
0.86906	0.87364	0.87597	0.76219	20
0.86836	0.8711	0.87648	0.77617	21
0.86345	0.86687	0.85711	0.74359	20
0.86097	0.86589	0.8556	0.73994	19
0.87057	0.87288	0.87195	0.78383	22
0.86924	0.87163	0.86767	0.78161	21
0.87696	0.87523	0.87723	0.67792	24
0.86306	0.86717	0.86264	0.73427	18
0.86811	0.87228	0.8561	0.7461	21
0.86876	0.87406	0.86742	0.76546	21
0.87343	0.87655	0.86843	0.78626	24
0.87057	0.87288	0.87195	0.78383	22
0.86825	0.87274	0.86717	0.7076	20
0.87181	0.87361	0.87119	0.78248	23
0.87057	0.87288	0.87195	0.78383	22
0.86913	0.87283	0.85786	0.77445	22
0.87343	0.87655	0.86843	0.78626	24
0.8614	0.86392	0.85182	0.73486	17
0.87343	0.87655	0.86843	0.78626	24
0.87009	0.87506	0.87522	0.75725	22
0.87343	0.87655	0.86843	0.78626	24
0.87343	0.87655	0.86843	0.78626	24
0.87343	0.87655	0.86843	0.78626	24
0.87343	0.87655	0.86843	0.78626	24
0.87343	0.87655	0.86843	0.78626	24
0.87343	0.87655	0.86843	0.78626	24
0.87343	0.87655	0.86843	0.78626	24
0.87343	0.87655	0.86843	0.78626	24
0.87343	0.87655	0.86843	0.78626	24
0.87343	0.87655	0.86843	0.78626	24
0.87154	0.87248	0.87472	0.67035	21
0.86995	0.87099	0.86516	0.78021	22
0.87057	0.87288	0.87195	0.78383	22
0.86768	0.87193	0.86465	0.69627	19
0.87234	0.87548	0.86843	0.78766	23
0.87234	0.87548	0.86843	0.78766	23
0.87234	0.87548	0.86843	0.78766	23
0.87178	0.87547	0.87119	0.77722	23
0.86308	0.86725	0.85283	0.74322	19
0.87123	0.87501	0.87698	0.76893	22
0.87343	0.87655	0.86843	0.78626	24
0.8669	0.86842	0.85509	0.68131	19
0.86906	0.87364	0.87597	0.76219	20
0.87343	0.87655	0.86843	0.78626	24
0.87234	0.87548	0.86843	0.78766	23
0.87234	0.87548	0.86843	0.78766	23
0.87234	0.87548	0.86843	0.78766	23
0.86844	0.87154	0.8634	0.6908	20
0.87343	0.87655	0.86843	0.78626	24
0.87181	0.87361	0.87119	0.78248	23
0.86713	0.87026	0.86013	0.7577	20
0.86633	0.86508	0.86918	0.65393	19
0.86963	0.87365	0.85358	0.75009	21
0.86461	0.86463	0.87698	0.73942	19
0.87178	0.87547	0.87119	0.77722	23
0.86549	0.87139	0.86113	0.75315	21
0.86754	0.86912	0.8717	0.65651	18
0.8681	0.87443	0.85987	0.77806	23
0.86419	0.8639	0.85987	0.68375	19
0.87123	0.87531	0.86289	0.68701	21
0.87302	0.87125	0.87119	0.67517	22
0.86825	0.87274	0.86717	0.7076	20
0.86943	0.87392	0.86189	0.76827	21
0.86789	0.87258	0.86465	0.7561	21
0.87343	0.87655	0.86843	0.78626	24
0.87061	0.87501	0.87572	0.76162	21
0.87343	0.87655	0.86843	0.78626	24
0.87178	0.87547	0.87119	0.77722	23
0.87378	0.87354	0.85459	0.68929	24
0.87144	0.87073	0.86742	0.59805	20
0.86836	0.8711	0.87648	0.77617	21
0.87011	0.87347	0.87597	0.76965	21
0.86704	0.87024	0.87019	0.77432	21
0.86995	0.87099	0.86516	0.78021	22
0.86418	0.8626	0.86415	0.64354	17
0.87343	0.87655	0.86843	0.78626	24
0.87343	0.87655	0.86843	0.78626	24
0.86574	0.87043	0.87145	0.74904	20
0.86633	0.87041	0.85308	0.65188	17
0.86961	0.87252	0.86239	0.70571	21
0.86896	0.87169	0.87094	0.77539	22
0.87088	0.87246	0.86818	0.68483	20
0.8674	0.87124	0.87748	0.74609	19
0.87343	0.87655	0.86843	0.78626	24
0.86924	0.87163	0.86767	0.78161	21
0.87057	0.87288	0.87195	0.78383	22
0.87234	0.87548	0.86843	0.78766	23
0.87181	0.87361	0.87119	0.78248	23
0.86971	0.87301	0.86541	0.6829	19
0.87234	0.87548	0.86843	0.78766	23
0.86394	0.86145	0.85686	0.66739	19
0.86656	0.86627	0.86792	0.66593	17
0.87011	0.87347	0.87597	0.76965	21
0.87234	0.87548	0.86843	0.78766	23
0.8691	0.87329	0.86038	0.76541	21
0.87343	0.87655	0.86843	0.78626	24
0.87343	0.87655	0.86843	0.78626	24
0.87181	0.87361	0.87119	0.78248	23
0.87234	0.87548	0.86843	0.78766	23
0.87343	0.87655	0.86843	0.78626	24
0.86452	0.86675	0.8644	0.66185	18
0.86954	0.87234	0.86465	0.68371	19
0.87234	0.87548	0.86843	0.78766	23
0.87343	0.87655	0.86843	0.78626	24
0.87343	0.87655	0.86843	0.78626	24
0.86876	0.87406	0.86742	0.76546	21
0.86636	0.86622	0.86717	0.66565	19
0.84769	0.8476	0.85459	0.60193	13
0.87181	0.87361	0.87119	0.78248	23
0.87189	0.872	0.86642	0.61106	20
0.86272	0.8571	0.85887	0.53705	15
0.87152	0.8723	0.86465	0.67744	23
0.86644	0.861	0.85736	0.42444	16
0.87181	0.87361	0.87119	0.78248	23
0.87343	0.87655	0.86843	0.78626	24
0.86923	0.87381	0.87346	0.77505	21
0.87	0.87546	0.87572	0.75646	20
0.87343	0.87655	0.86843	0.78626	24
0.86444	0.86897	0.8639	0.73059	18
0.87343	0.87655	0.86843	0.78626	24
0.87011	0.87347	0.87597	0.76965	21
0.86881	0.87193	0.8722	0.7675	20
0.87343	0.87655	0.86843	0.78626	24
0.87343	0.87655	0.86843	0.78626	24
0.87057	0.87288	0.87195	0.78383	22
0.86805	0.87041	0.86717	0.75102	19
0.87234	0.87548	0.86843	0.78766	23
0.86964	0.87305	0.87774	0.75468	21
0.87234	0.87548	0.86843	0.78766	23
0.87343	0.87655	0.86843	0.78626	24
0.86906	0.87364	0.87597	0.76219	20
0.86861	0.87269	0.85736	0.77825	21
0.86816	0.87022	0.86314	0.67503	18
0.87343	0.87655	0.86843	0.78626	24
0.86975	0.86985	0.86465	0.61184	19
0.86266	0.86266	0.86088	0.67244	18
0.86913	0.87316	0.87421	0.76975	21
0.8698	0.86594	0.85585	0.4704	16
0.87343	0.87655	0.86843	0.78626	24
0.86215	0.86595	0.87623	0.75897	20
0.86861	0.87438	0.87195	0.75764	21
0.86444	0.86979	0.88252	0.74254	18
0.87172	0.87562	0.87698	0.77182	22
0.87181	0.87361	0.87119	0.78248	23
0.87056	0.87561	0.87245	0.77378	22
0.87234	0.87548	0.86843	0.78766	23
0.87343	0.87655	0.86843	0.78626	24
0.87343	0.87655	0.86843	0.78626	24
0.87343	0.87655	0.86843	0.78626	24
0.87343	0.87655	0.86843	0.78626	24
0.87343	0.87655	0.86843	0.78626	24
0.87343	0.87655	0.86843	0.78626	24
0.87343	0.87655	0.86843	0.78626	24
0.87343	0.87655	0.86843	0.78626	24
0.87343	0.87655	0.86843	0.78626	24
0.87343	0.87655	0.86843	0.78626	24
0.86924	0.87163	0.86767	0.78161	21
0.86063	0.86307	0.86189	0.65715	17
0.87057	0.87288	0.87195	0.78383	22
0.87047	0.87285	0.87321	0.76831	21
0.87181	0.87361	0.87119	0.78248	23
0.87181	0.87361	0.87119	0.78248	23
0.86723	0.86956	0.86818	0.67352	18
0.87234	0.87548	0.86843	0.78766	23
0.8694	0.87044	0.8639	0.68761	20
0.87234	0.87548	0.86843	0.78766	23
0.87178	0.87547	0.87119	0.77722	23
0.86216	0.86023	0.86893	0.50033	14
0.86498	0.86506	0.86918	0.63033	19
0.86825	0.87274	0.86717	0.7076	20
0.87343	0.87655	0.86843	0.78626	24
0.87109	0.87421	0.86214	0.69086	21
0.87234	0.87548	0.86843	0.78766	23
0.86947	0.87304	0.86365	0.77643	21
0.87343	0.87655	0.86843	0.78626	24
0.87056	0.87561	0.87245	0.77378	22
0.8671	0.87087	0.87447	0.75606	20
0.87057	0.87288	0.87195	0.78383	22
0.86949	0.87206	0.86516	0.68299	19
0.86693	0.87211	0.8722	0.7607	20
0.86493	0.87003	0.85912	0.73775	18
0.87181	0.87361	0.87119	0.78248	23
0.87181	0.87361	0.87119	0.78248	23
0.86509	0.86959	0.86541	0.74417	19
0.86861	0.87438	0.87195	0.75764	21
0.86174	0.86295	0.8634	0.64367	15
0.86995	0.87099	0.86516	0.78021	22
0.87234	0.87548	0.86843	0.78766	23
0.87234	0.87548	0.86843	0.78766	23
0.87343	0.87655	0.86843	0.78626	24
0.87389	0.87303	0.86541	0.61984	21
0.87057	0.87288	0.87195	0.78383	22
0.87343	0.87655	0.86843	0.78626	24
0.86754	0.86912	0.8717	0.65651	18
0.87197	0.87337	0.85962	0.69161	22
0.87124	0.87046	0.86868	0.67755	23
0.86648	0.86689	0.86642	0.67618	18
0.87181	0.87361	0.87119	0.78248	23
0.87057	0.87288	0.87195	0.78383	22
0.87172	0.87562	0.87698	0.77182	22
0.86896	0.87243	0.86692	0.67238	20
0.87618	0.87754	0.87019	0.69044	24
0.86906	0.87364	0.87597	0.76219	20
0.87343	0.87655	0.86843	0.78626	24
0.87343	0.87655	0.86843	0.78626	24
0.87239	0.87231	0.86742	0.68283	22
0.87154	0.87248	0.87472	0.67035	21
0.86588	0.86941	0.86491	0.74369	20
0.87343	0.87655	0.86843	0.78626	24
0.8681	0.86935	0.86692	0.59272	19
0.8614	0.86506	0.86465	0.73604	17
0.86419	0.8639	0.85987	0.68375	19
0.87234	0.87548	0.86843	0.78766	23
0.87343	0.87655	0.86843	0.78626	24
0.87057	0.87288	0.87195	0.78383	22
0.87155	0.87063	0.86289	0.61286	20
0.87631	0.87696	0.86717	0.57065	21
0.86836	0.8711	0.87648	0.77617	21
0.87013	0.87425	0.86465	0.69159	20
0.86758	0.8722	0.86465	0.68509	18
0.86509	0.86959	0.86541	0.74417	19
0.87343	0.87655	0.86843	0.78626	24
0.87178	0.87547	0.87119	0.77722	23
0.87172	0.87562	0.87698	0.77182	22
0.87343	0.87655	0.86843	0.78626	24
0.87343	0.87655	0.86843	0.78626	24
0.87343	0.87655	0.86843	0.78626	24
0.87178	0.87547	0.87119	0.77722	23
0.86923	0.87381	0.87346	0.77505	21
0.87234	0.87548	0.86843	0.78766	23
0.87343	0.87655	0.86843	0.78626	24
0.86366	0.86608	0.85887	0.66647	18
0.8694	0.87081	0.8639	0.67454	20
0.86478	0.86778	0.8634	0.73423	18
0.87178	0.87547	0.87119	0.77722	23
0.86961	0.87252	0.86239	0.70571	21
0.87181	0.87361	0.87119	0.78248	23
0.87245	0.87174	0.87421	0.67244	21
0.87054	0.87585	0.86164	0.78281	23
0.87343	0.87655	0.86843	0.78626	24
0.87039	0.87472	0.87019	0.76969	21
0.87343	0.87655	0.86843	0.78626	24
0.87234	0.87548	0.86843	0.78766	23
0.86906	0.87364	0.87597	0.76219	20
0.87057	0.87288	0.87195	0.78383	22
0.86963	0.87365	0.85358	0.75009	21
0.87164	0.87105	0.87119	0.67949	22
0.86906	0.87364	0.87597	0.76219	20
0.87302	0.87125	0.87119	0.67517	22
0.86758	0.8722	0.86465	0.68509	18
0.87102	0.87405	0.87245	0.76901	22
0.86935	0.8739	0.86038	0.7641	21
0.87178	0.87547	0.87119	0.77722	23
0.87343	0.87655	0.86843	0.78626	24
0.87343	0.87655	0.86843	0.78626	24
0.86616	0.86877	0.86667	0.64486	18
0.87181	0.87361	0.87119	0.78248	23
0.87057	0.87288	0.87195	0.78383	22
0.86235	0.8613	0.86591	0.64639	17
0.8746	0.87613	0.85811	0.6847	23
0.87343	0.87655	0.86843	0.78626	24
0.87343	0.87655	0.86843	0.78626	24
0.86906	0.87364	0.87597	0.76219	20
0.86517	0.86262	0.86138	0.55284	17
0.87374	0.87599	0.85736	0.72584	24
0.87056	0.87561	0.87245	0.77378	22
0.86924	0.87163	0.86767	0.78161	21
0.87343	0.87655	0.86843	0.78626	24
0.87123	0.87501	0.87698	0.76893	22
0.87343	0.87655	0.86843	0.78626	24
0.86543	0.86916	0.85208	0.7513	20
0.8674	0.8638	0.8634	0.54951	18
0.87057	0.87288	0.87195	0.78383	22
0.87343	0.87655	0.86843	0.78626	24
0.87343	0.87655	0.86843	0.78626	24
0.87343	0.87655	0.86843	0.78626	24
0.87343	0.87655	0.86843	0.78626	24
0.87343	0.87655	0.86843	0.78626	24
0.87343	0.87655	0.86843	0.78626	24
0.87343	0.87655	0.86843	0.78626	24
0.87343	0.87655	0.86843	0.78626	24
0.87343	0.87655	0.86843	0.78626	24
0.87343	0.87655	0.86843	0.78626	24
0.87535	0.87723	0.87925	0.69083	22
0.87343	0.87655	0.86843	0.78626	24
0.87343	0.87655	0.86843	0.78626	24
0.87343	0.87655	0.86843	0.78626	24
0.86995	0.87099	0.86516	0.78021	22
0.86648	0.86689	0.86642	0.67618	18
0.87343	0.87655	0.86843	0.78626	24
0.87285	0.87473	0.86818	0.69382	22
0.87155	0.8739	0.86138	0.78402	23
0.86906	0.87364	0.87597	0.76219	20
0.86825	0.87274	0.86717	0.7076	20
0.87057	0.87288	0.87195	0.78383	22
0.87234	0.87548	0.86843	0.78766	23
0.87223	0.87076	0.86792	0.60765	21
0.87341	0.87387	0.86843	0.60819	21
0.87039	0.87675	0.87421	0.76413	21
0.86571	0.87098	0.85862	0.75959	19
0.87343	0.87655	0.86843	0.78626	24
0.86975	0.86985	0.86465	0.61184	19
0.87087	0.87583	0.86969	0.7785	22
0.87291	0.87635	0.87346	0.7711	23
0.86758	0.8722	0.86465	0.68509	18
0.86538	0.8619	0.85862	0.56648	18
0.87057	0.87288	0.87195	0.78383	22
0.87343	0.87655	0.86843	0.78626	24
0.87057	0.87288	0.87195	0.78383	22
0.87343	0.87655	0.86843	0.78626	24
0.86571	0.86982	0.8795	0.73922	18
0.87172	0.87562	0.87698	0.77182	22
0.87343	0.87655	0.86843	0.78626	24
0.87343	0.87655	0.86843	0.78626	24
0.86565	0.86852	0.85761	0.74045	19
0.87057	0.87288	0.87195	0.78383	22
0.87343	0.87655	0.86843	0.78626	24
0.87343	0.87655	0.86843	0.78626	24
0.86912	0.87084	0.86541	0.68605	20
0.86311	0.85751	0.86541	0.54011	15
0.87054	0.87585	0.86164	0.78281	23
0.87245	0.87174	0.87421	0.67244	21
0.87234	0.87548	0.86843	0.78766	23
0.87343	0.87655	0.86843	0.78626	24
0.87178	0.87547	0.87119	0.77722	23
0.87234	0.87548	0.86843	0.78766	23
0.86825	0.87274	0.86717	0.7076	20
0.87102	0.87405	0.87245	0.76901	22
0.86831	0.87322	0.87698	0.7599	20
0.86461	0.86578	0.85862	0.68012	18
0.86737	0.86907	0.87849	0.75416	19
0.86923	0.87381	0.87346	0.77505	21
0.87234	0.87548	0.86843	0.78766	23
0.87057	0.87288	0.87195	0.78383	22
0.87087	0.87583	0.86969	0.7785	22
0.87056	0.87561	0.87245	0.77378	22
0.87157	0.87593	0.87346	0.76358	22
0.87343	0.87655	0.86843	0.78626	24
0.87343	0.87655	0.86843	0.78626	24
0.86923	0.87381	0.87346	0.77505	21
0.87234	0.87548	0.86843	0.78766	23
0.87057	0.87288	0.87195	0.78383	22
0.87107	0.86771	0.85057	0.63009	21
0.87181	0.87361	0.87119	0.78248	23
0.86063	0.86307	0.86189	0.65715	17
0.87343	0.87655	0.86843	0.78626	24
0.87343	0.87655	0.86843	0.78626	24
0.87057	0.87288	0.87195	0.78383	22
0.87343	0.87655	0.86843	0.78626	24
0.87234	0.87548	0.86843	0.78766	23
0.87343	0.87655	0.86843	0.78626	24
0.86906	0.87364	0.87597	0.76219	20
0.8786	0.87546	0.85384	0.53215	22
0.86972	0.86732	0.86516	0.61288	20
0.87172	0.87562	0.87698	0.77182	22
0.86531	0.86262	0.85006	0.64865	17
0.87061	0.87501	0.87572	0.76162	21
0.87178	0.87547	0.87119	0.77722	23
0.87057	0.87288	0.87195	0.78383	22
0.86332	0.86736	0.86566	0.74741	18
0.86935	0.8739	0.86038	0.7641	21
0.86664	0.86698	0.8722	0.65239	17
0.86379	0.86623	0.85157	0.73343	18
0.86758	0.8722	0.86465	0.68509	18
0.87343	0.87655	0.86843	0.78626	24
0.87343	0.87655	0.86843	0.78626	24
0.87343	0.87655	0.86843	0.78626	24
0.86906	0.87364	0.87597	0.76219	20
0.86842	0.87255	0.86692	0.69383	19
0.87087	0.87583	0.86969	0.7785	22
0.87011	0.87347	0.87597	0.76965	21
0.87197	0.87337	0.85962	0.69161	22
0.86865	0.8729	0.85786	0.74792	20
0.86842	0.87255	0.86692	0.69383	19
0.87246	0.87099	0.86692	0.5845	19
0.87234	0.87548	0.86843	0.78766	23
0.87124	0.87165	0.86314	0.60354	20
0.86752	0.86967	0.85811	0.67596	20
0.87057	0.87288	0.87195	0.78383	22
0.87178	0.87547	0.87119	0.77722	23
0.87313	0.87709	0.86314	0.70545	22
0.87343	0.87655	0.86843	0.78626	24
0.86802	0.8728	0.85912	0.76441	21
0.87234	0.87548	0.86843	0.78766	23
0.86495	0.86488	0.86088	0.57204	20
0.87181	0.87361	0.87119	0.78248	23
0.86295	0.85943	0.85233	0.62864	17
0.87172	0.87562	0.87698	0.77182	22
0.87181	0.87361	0.87119	0.78248	23
0.8614	0.86506	0.86465	0.73604	17
0.87343	0.87655	0.86843	0.78626	24
0.86321	0.86742	0.85459	0.73463	18
0.85855	0.8598	0.87069	0.6241	18
0.87343	0.87655	0.86843	0.78626	24
0.86667	0.86772	0.86164	0.56159	18
0.87343	0.87655	0.86843	0.78626	24
0.87343	0.87655	0.86843	0.78626	24
0.87343	0.87655	0.86843	0.78626	24
0.87343	0.87655	0.86843	0.78626	24
0.87343	0.87655	0.86843	0.78626	24
0.87343	0.87655	0.86843	0.78626	24
0.87343	0.87655	0.86843	0.78626	24
0.87343	0.87655	0.86843	0.78626	24
0.87343	0.87655	0.86843	0.78626	24
0.87343	0.87655	0.86843	0.78626	24
0.87733	0.8769	0.86692	0.62471	22
0.86007	0.85727	0.86541	0.53174	15
0.86963	0.87365	0.85358	0.75009	21
0.86758	0.8722	0.86465	0.68509	18
0.86831	0.87322	0.87698	0.7599	20
0.87343	0.87655	0.86843	0.78626	24
0.87343	0.87655	0.86843	0.78626	24
0.87343	0.87655	0.86843	0.78626	24
0.87343	0.87655	0.86843	0.78626	24
0.87234	0.87548	0.86843	0.78766	23
0.86696	0.87042	0.85535	0.75765	18
0.87178	0.87547	0.87119	0.77722	23
0.87234	0.87548	0.86843	0.78766	23
0.87172	0.87562	0.87698	0.77182	22
0.87343	0.87655	0.86843	0.78626	24
0.86923	0.87381	0.87346	0.77505	21
0.86332	0.86736	0.86566	0.74741	18
0.86806	0.86674	0.86189	0.58047	18
0.87392	0.8737	0.86642	0.6093	22
0.87102	0.87405	0.87245	0.76901	22
0.86902	0.87205	0.86264	0.76781	20
0.86318	0.85827	0.86616	0.53866	14
0.87766	0.87645	0.86541	0.6251	23
0.86571	0.86982	0.8795	0.73922	18
0.87223	0.87076	0.86792	0.60765	21
0.87172	0.87562	0.87698	0.77182	22
0.87234	0.87548	0.86843	0.78766	23
0.87329	0.87592	0.86742	0.78637	25
0.87343	0.87655	0.86843	0.78626	24
0.86673	0.86982	0.8634	0.7582	20
0.86614	0.86774	0.86088	0.70119	20
0.87343	0.87655	0.86843	0.78626	24
0.86777	0.86679	0.86818	0.5798	18
0.86768	0.86834	0.87597	0.66142	19
0.86063	0.86344	0.85333	0.72459	17
0.86813	0.87109	0.87673	0.75399	20
0.87343	0.87655	0.86843	0.78626	24
0.85977	0.86301	0.85132	0.72198	17
0.86495	0.86287	0.85308	0.67638	20
0.87343	0.87655	0.86843	0.78626	24
0.87181	0.87361	0.87119	0.78248	23
0.86514	0.86589	0.85811	0.68971	19
0.87013	0.87425	0.86465	0.69159	20
0.87234	0.87548	0.86843	0.78766	23
0.87181	0.87361	0.87119	0.78248	23
0.87343	0.87655	0.86843	0.78626	24
0.86842	0.87255	0.86692	0.69383	19
0.85912	0.85498	0.86289	0.53482	16
0.87057	0.87288	0.87195	0.78383	22
0.86906	0.87364	0.87597	0.76219	20
0.87057	0.87288	0.87195	0.78383	22
0.87057	0.87288	0.87195	0.78383	22
0.87087	0.87583	0.86969	0.7785	22
0.86906	0.87364	0.87597	0.76219	20
0.86831	0.87322	0.87698	0.7599	20
0.87343	0.87655	0.86843	0.78626	24
0.87246	0.87623	0.86566	0.69485	21
0.87011	0.87347	0.87597	0.76965	21
0.87061	0.87501	0.87572	0.76162	21
0.86924	0.87163	0.86767	0.78161	21
0.86588	0.86766	0.86415	0.68172	19
0.86923	0.87381	0.87346	0.77505	21
0.87381	0.87092	0.85459	0.52148	19
0.87234	0.87548	0.86843	0.78766	23
0.86898	0.87269	0.85585	0.77881	22
0.87181	0.87361	0.87119	0.78248	23
0.87057	0.87288	0.87195	0.78383	22
0.85675	0.85501	0.85686	0.63464	18
0.87181	0.87361	0.87119	0.78248	23
0.868	0.87205	0.8561	0.7632	22
0.87057	0.87288	0.87195	0.78383	22
0.86842	0.87255	0.86692	0.69383	19
0.87087	0.87583	0.86969	0.7785	22
0.87087	0.87583	0.86969	0.7785	22
0.87197	0.87337	0.85962	0.69161	22
0.87343	0.87655	0.86843	0.78626	24
0.87234	0.87548	0.86843	0.78766	23
0.87343	0.87655	0.86843	0.78626	24
0.87155	0.8739	0.86138	0.78402	23
0.87343	0.87655	0.86843	0.78626	24
0.86748	0.86814	0.86189	0.67305	20
0.87039	0.87675	0.87421	0.76413	21
0.87343	0.87655	0.86843	0.78626	24
0.85931	0.85929	0.85887	0.535	17
0.8651	0.86397	0.86893	0.55142	16
0.86724	0.87293	0.86365	0.74988	19
0.87343	0.87655	0.86843	0.78626	24
0.87343	0.87655	0.86843	0.78626	24
0.87343	0.87655	0.86843	0.78626	24
0.8535	0.85465	0.85182	0.61871	15
0.8614	0.86506	0.86465	0.73604	17
0.87057	0.87288	0.87195	0.78383	22
0.87006	0.87328	0.87094	0.76662	21
0.87343	0.87655	0.86843	0.78626	24
0.87181	0.87361	0.87119	0.78248	23
0.87343	0.87655	0.86843	0.78626	24
0.86349	0.8606	0.85912	0.5511	19
0.87234	0.87548	0.86843	0.78766	23
0.87291	0.87635	0.87346	0.7711	23
0.86861	0.87269	0.85736	0.77825	21
0.8638	0.85697	0.85006	0.50942	17
0.86774	0.87075	0.85811	0.74733	19
0.86906	0.87342	0.87597	0.76133	21
0.87234	0.87548	0.86843	0.78766	23
0.85398	0.84875	0.85736	0.48845	13
0.87343	0.87655	0.86843	0.78626	24
0.86707	0.86498	0.8566	0.56552	19
0.86588	0.86766	0.86415	0.68172	19
0.87181	0.87361	0.87119	0.78248	23
0.87057	0.87288	0.87195	0.78383	22
0.87057	0.87288	0.87195	0.78383	22
0.86469	0.86131	0.85912	0.55058	17
0.87087	0.87583	0.86969	0.7785	22
0.87343	0.87655	0.86843	0.78626	24
0.86923	0.87381	0.87346	0.77505	21
0.87343	0.87655	0.86843	0.78626	24
0.87343	0.87655	0.86843	0.78626	24
0.87343	0.87655	0.86843	0.78626	24
0.87343	0.87655	0.86843	0.78626	24
0.87343	0.87655	0.86843	0.78626	24
0.87343	0.87655	0.86843	0.78626	24
0.87343	0.87655	0.86843	0.78626	24
0.87343	0.87655	0.86843	0.78626	24
0.87343	0.87655	0.86843	0.78626	24
0.87343	0.87655	0.86843	0.78626	24
0.87343	0.87655	0.86843	0.78626	24
0.87178	0.87547	0.87119	0.77722	23
0.86757	0.87147	0.87698	0.76383	20
0.87078	0.86891	0.85057	0.5596	23
0.86995	0.87099	0.86516	0.78021	22
0.85364	0.85328	0.85233	0.61783	14
0.86906	0.87364	0.87597	0.76219	20
0.86675	0.87008	0.86591	0.75819	18
0.86923	0.87381	0.87346	0.77505	21
0.85754	0.86048	0.85006	0.71467	15
0.86588	0.86766	0.86415	0.68172	19
0.86583	0.86675	0.86289	0.65497	18
0.87343	0.87655	0.86843	0.78626	24
0.87061	0.87501	0.87572	0.76162	21
0.86528	0.86691	0.86491	0.65146	17
0.87234	0.87548	0.86843	0.78766	23
0.87181	0.87361	0.87119	0.78248	23
0.85936	0.86066	0.85107	0.71189	15
0.86794	0.8709	0.8717	0.74809	20
0.86461	0.86777	0.87296	0.76001	20
0.85948	0.86231	0.86818	0.70183	16
0.86988	0.87122	0.86214	0.67192	20
0.87343	0.87655	0.86843	0.78626	24
0.87343	0.87655	0.86843	0.78626	24
0.87343	0.87655	0.86843	0.78626	24
0.86418	0.85912	0.86365	0.58206	17
0.87343	0.87655	0.86843	0.78626	24
0.87343	0.87655	0.86843	0.78626	24
0.86185	0.86193	0.85686	0.64658	17
0.87234	0.87548	0.86843	0.78766	23
0.87234	0.87548	0.86843	0.78766	23
0.86924	0.87163	0.86767	0.78161	21
0.87234	0.87548	0.86843	0.78766	23
0.87343	0.87655	0.86843	0.78626	24
0.87234	0.87548	0.86843	0.78766	23
0.87343	0.87655	0.86843	0.78626	24
0.86655	0.87247	0.87698	0.75103	19
0.87172	0.87562	0.87698	0.77182	22
0.86514	0.86589	0.85811	0.68971	19
0.86112	0.862	0.85912	0.63269	15
0.87057	0.87288	0.87195	0.78383	22
0.86923	0.87381	0.87346	0.77505	21
0.87343	0.87655	0.86843	0.78626	24
0.86768	0.86521	0.86843	0.65591	23
0.86737	0.86907	0.87849	0.75416	19
0.87234	0.87548	0.86843	0.78766	23
0.87343	0.87655	0.86843	0.78626	24
0.87343	0.87655	0.86843	0.78626	24
0.87181	0.87361	0.87119	0.78248	23
0.87343	0.87655	0.86843	0.78626	24
0.86833	0.86955	0.86239	0.70789	21
0.87059	0.87246	0.87396	0.76367	22
0.86913	0.8746	0.85585	0.74954	20
0.86935	0.86909	0.86616	0.62187	19
0.86902	0.87205	0.86264	0.76781	20
0.86906	0.87364	0.87597	0.76219	20
0.87343	0.87655	0.86843	0.78626	24
0.87181	0.87361	0.87119	0.78248	23
0.87172	0.87562	0.87698	0.77182	22
0.87343	0.87655	0.86843	0.78626	24
0.87234	0.87548	0.86843	0.78766	23
0.87343	0.87655	0.86843	0.78626	24
0.87343	0.87655	0.86843	0.78626	24
0.86514	0.86589	0.85811	0.68971	19
0.87343	0.87655	0.86843	0.78626	24
0.86588	0.86766	0.86415	0.68172	19
0.87343	0.87655	0.86843	0.78626	24
0.87343	0.87655	0.86843	0.78626	24
0.85965	0.86451	0.8566	0.72134	16
0.87172	0.87562	0.87698	0.77182	22
0.86397	0.86501	0.87069	0.63903	18
0.87343	0.87655	0.86843	0.78626	24
0.87234	0.87548	0.86843	0.78766	23
0.86861	0.87269	0.85736	0.77825	21
0.86898	0.87269	0.85585	0.77881	22
0.8674	0.86927	0.85082	0.67614	16
0.86617	0.86763	0.85686	0.66238	20
0.87343	0.87655	0.86843	0.78626	24
0.8715	0.86954	0.86692	0.62424	20
0.87039	0.87472	0.87019	0.76969	21
0.86906	0.87364	0.87597	0.76219	20
0.8691	0.87329	0.86038	0.76541	21
0.87178	0.87547	0.87119	0.77722	23
0.87033	0.87536	0.87447	0.76651	22
0.87057	0.87288	0.87195	0.78383	22
0.86675	0.87008	0.86591	0.75819	18
0.87039	0.86922	0.8644	0.58005	19
0.865	0.86529	0.86365	0.64173	19
0.87343	0.87655	0.86843	0.78626	24
0.87039	0.87472	0.87019	0.76969	21
0.86541	0.86233	0.86013	0.57556	18
0.87343	0.87655	0.86843	0.78626	24
0.87766	0.87645	0.86541	0.6251	23
0.87019	0.87362	0.87195	0.76413	21
0.87343	0.87655	0.86843	0.78626	24
0.86436	0.86683	0.87296	0.74106	19
0.87057	0.87288	0.87195	0.78383	22
0.87343	0.87655	0.86843	0.78626	24
0.87343	0.87655	0.86843	0.78626	24
0.87412	0.87259	0.86994	0.69156	23
0.87088	0.87246	0.86818	0.68483	20
0.87343	0.87655	0.86843	0.78626	24
0.87343	0.87655	0.86843	0.78626	24
0.87343	0.87655	0.86843	0.78626	24
0.87074	0.87424	0.85484	0.78276	23
0.87343	0.87655	0.86843	0.78626	24
0.87013	0.87425	0.86465	0.69159	20
0.87343	0.87655	0.86843	0.78626	24
0.87343	0.87655	0.86843	0.78626	24
0.87343	0.87655	0.86843	0.78626	24
0.87343	0.87655	0.86843	0.78626	24
0.87343	0.87655	0.86843	0.78626	24
0.87343	0.87655	0.86843	0.78626	24
0.87343	0.87655	0.86843	0.78626	24
0.87343	0.87655	0.86843	0.78626	24
0.87343	0.87655	0.86843	0.78626	24
0.87343	0.87655	0.86843	0.78626	24
0.87343	0.87655	0.86843	0.78626	24
0.87343	0.87655	0.86843	0.78626	24
0.87343	0.87655	0.86843	0.78626	24
0.87343	0.87655	0.86843	0.78626	24
0.86517	0.86908	0.8639	0.76325	18
0.87343	0.87655	0.86843	0.78626	24
0.86881	0.87193	0.8722	0.7675	20
0.86453	0.86341	0.86792	0.63364	19
0.85709	0.85294	0.85031	0.48059	16
0.86583	0.86675	0.86289	0.65497	18
0.87343	0.87655	0.86843	0.78626	24
0.87057	0.87288	0.87195	0.78383	22
0.87343	0.87655	0.86843	0.78626	24
0.85965	0.86009	0.86692	0.71653	18
0.86906	0.87364	0.87597	0.76219	20
0.86836	0.8711	0.87648	0.77617	21
0.87343	0.87655	0.86843	0.78626	24
0.87343	0.87655	0.86843	0.78626	24
0.87343	0.87655	0.86843	0.78626	24
0.87088	0.87246	0.86818	0.68483	20
0.87343	0.87655	0.86843	0.78626	24
0.87149	0.87215	0.85459	0.70934	24
0.85846	0.86165	0.87396	0.71751	15
0.86461	0.86777	0.87296	0.76001	20
0.87343	0.87655	0.86843	0.78626	24
0.86331	0.86231	0.85509	0.57934	18
0.86473	0.86345	0.86113	0.56869	17
0.86298	0.86628	0.8722	0.75567	20
0.86757	0.87147	0.87698	0.76383	20
0.86924	0.87163	0.86767	0.78161	21
0.861	0.86308	0.85182	0.72517	16
0.87343	0.87655	0.86843	0.78626	24
0.87343	0.87655	0.86843	0.78626	24
0.86814	0.87369	0.87572	0.7536	20
0.87181	0.87361	0.87119	0.78248	23
0.86972	0.86732	0.86516	0.61288	20
0.86461	0.86777	0.87296	0.76001	20
0.87343	0.87655	0.86843	0.78626	24
0.87057	0.87288	0.87195	0.78383	22
0.87343	0.87655	0.86843	0.78626	24
0.87343	0.87655	0.86843	0.78626	24
0.87234	0.87548	0.86843	0.78766	23
0.86572	0.86785	0.86566	0.65126	18
0.86833	0.86955	0.86239	0.70789	21
0.87011	0.87347	0.87597	0.76965	21
0.8645	0.85851	0.86113	0.51103	15
0.86397	0.86697	0.86289	0.76267	18
0.87361	0.87335	0.85082	0.6216	23
0.87343	0.87655	0.86843	0.78626	24
0.85965	0.86291	0.85635	0.64574	17
0.87234	0.87548	0.86843	0.78766	23
0.87057	0.87288	0.87195	0.78383	22
0.86813	0.86521	0.86893	0.57447	18
0.87291	0.87635	0.87346	0.7711	23
0.87343	0.87655	0.86843	0.78626	24
0.87234	0.87548	0.86843	0.78766	23
0.8654	0.8683	0.87572	0.75596	20
0.87343	0.87655	0.86843	0.78626	24
0.86605	0.87242	0.87748	0.74298	19
0.87039	0.87675	0.87421	0.76413	21
0.87057	0.87288	0.87195	0.78383	22
0.87343	0.87655	0.86843	0.78626	24
0.87343	0.87655	0.86843	0.78626	24
0.87343	0.87655	0.86843	0.78626	24
0.87107	0.87079	0.87119	0.60028	19
0.87014	0.8717	0.85937	0.68964	26
0.87057	0.87288	0.87195	0.78383	22
0.87343	0.87655	0.86843	0.78626	24
0.87343	0.87655	0.86843	0.78626	24
0.87343	0.87655	0.86843	0.78626	24
0.86514	0.86589	0.85811	0.68971	19
0.86478	0.86778	0.8634	0.73423	18
0.87056	0.87333	0.86365	0.78541	22
0.87234	0.87548	0.86843	0.78766	23
0.87191	0.8707	0.86516	0.68705	24
0.8698	0.87486	0.87346	0.76492	21
0.86923	0.87381	0.87346	0.77505	21
0.86966	0.87148	0.87673	0.66762	20
0.8694	0.87248	0.87698	0.75613	21
0.86428	0.86773	0.86239	0.764	19
0.86517	0.86908	0.8639	0.76325	18
0.86731	0.87195	0.86465	0.76554	19
0.87186	0.87456	0.86667	0.7848	27
0.87412	0.87259	0.86994	0.69156	23
0.86514	0.86589	0.85811	0.68971	19
0.86418	0.85912	0.86365	0.58206	17
0.86991	0.87107	0.8634	0.68512	20
0.87343	0.87655	0.86843	0.78626	24
0.86898	0.87269	0.85585	0.77881	22
0.87343	0.87655	0.86843	0.78626	24
0.87343	0.87655	0.86843	0.78626	24
0.87056	0.87333	0.86365	0.78541	22
0.86036	0.85655	0.86767	0.5009	13
0.86906	0.87364	0.87597	0.76219	20
0.86861	0.87269	0.85736	0.77825	21
0.87343	0.87655	0.86843	0.78626	24
0.86642	0.87153	0.87472	0.74965	20
0.87343	0.87655	0.86843	0.78626	24
0.87343	0.87655	0.86843	0.78626	24
0.86737	0.86907	0.87849	0.75416	19
0.87006	0.87328	0.87094	0.76662	21
0.87178	0.87547	0.87119	0.77722	23
0.85417	0.8497	0.85031	0.59442	13
0.87234	0.87548	0.86843	0.78766	23
0.87172	0.87562	0.87698	0.77182	22
0.87343	0.87655	0.86843	0.78626	24
0.8551	0.857	0.86214	0.71957	15
0.85979	0.86386	0.87245	0.72184	18
0.87178	0.87547	0.87119	0.77722	23
0.87056	0.87561	0.87245	0.77378	22
0.86439	0.8675	0.85208	0.74263	19
0.87234	0.87548	0.86843	0.78766	23
0.86658	0.86495	0.85836	0.66652	21
0.86806	0.87095	0.86138	0.75698	21
0.87343	0.87655	0.86843	0.78626	24
0.87343	0.87655	0.86843	0.78626	24
0.87343	0.87655	0.86843	0.78626	24
0.87343	0.87655	0.86843	0.78626	24
0.87343	0.87655	0.86843	0.78626	24
0.87343	0.87655	0.86843	0.78626	24
0.87343	0.87655	0.86843	0.78626	24
0.87343	0.87655	0.86843	0.78626	24
0.87343	0.87655	0.86843	0.78626	24
0.87343	0.87655	0.86843	0.78626	24
0.87343	0.87655	0.86843	0.78626	24
0.87343	0.87655	0.86843	0.78626	24
0.87343	0.87655	0.86843	0.78626	24
0.8641	0.86599	0.85233	0.6644	19
0.87343	0.87655	0.86843	0.78626	24
0.87234	0.87548	0.86843	0.78766	23
0.85965	0.86291	0.85635	0.64574	17
0.861	0.85926	0.8566	0.57263	16
0.87234	0.87548	0.86843	0.78766	23
0.86634	0.86308	0.86566	0.55454	18
0.87343	0.87655	0.86843	0.78626	24
0.87057	0.87288	0.87195	0.78383	22
0.86439	0.8675	0.85208	0.74263	19
0.87019	0.87314	0.85434	0.7822	22
0.86792	0.8672	0.86289	0.57168	18
0.87291	0.87635	0.87346	0.7711	23
0.8694	0.87248	0.87698	0.75613	21
0.8663	0.86857	0.86868	0.72734	18
0.87343	0.87655	0.86843	0.78626	24
0.87343	0.87655	0.86843	0.78626	24
0.86924	0.87163	0.86767	0.78161	21
0.86755	0.87126	0.85711	0.69977	21
0.87343	0.87655	0.86843	0.78626	24
0.8652	0.86788	0.86239	0.7451	19
0.87343	0.87655	0.86843	0.78626	24
0.87214	0.87399	0.87321	0.66573	22
0.87343	0.87655	0.86843	0.78626	24
0.87033	0.87439	0.87069	0.69206	21
0.86817	0.87165	0.87522	0.74614	20
0.87087	0.87583	0.86969	0.7785	22
0.86469	0.86861	0.86616	0.75014	19
0.87343	0.87655	0.86843	0.78626	24
0.86207	0.86699	0.8639	0.75106	18
0.86872	0.86646	0.85987	0.5705	18
0.87181	0.87361	0.87119	0.78248	23
0.87343	0.87655	0.86843	0.78626	24
0.86966	0.87148	0.87673	0.66762	20
0.86689	0.87088	0.86943	0.75365	20
0.86056	0.8623	0.85836	0.6653	17
0.86639	0.86552	0.86591	0.57643	18
0.87343	0.87655	0.86843	0.78626	24
0.87057	0.87288	0.87195	0.78383	22
0.86995	0.87099	0.86516	0.78021	22
0.86277	0.8646	0.86063	0.66908	17
0.87343	0.87655	0.86843	0.78626	24
0.87057	0.87288	0.87195	0.78383	22
0.87343	0.87655	0.86843	0.78626	24
0.87115	0.87465	0.85258	0.78719	24
0.87136	0.87293	0.86969	0.77938	23
0.87057	0.87288	0.87195	0.78383	22
0.87343	0.87655	0.86843	0.78626	24
0.87039	0.87457	0.85811	0.78387	22
0.87234	0.87548	0.86843	0.78766	23
0.87343	0.87655	0.86843	0.78626	24
0.87343	0.87655	0.86843	0.78626	24
0.87234	0.87548	0.86843	0.78766	23
0.87178	0.87547	0.87119	0.77722	23
0.86428	0.86773	0.86239	0.764	19
0.86273	0.86524	0.86113	0.66943	18
0.86374	0.8658	0.87094	0.75726	21
0.86498	0.85943	0.85912	0.59269	18
0.87234	0.87548	0.86843	0.78766	23
0.87088	0.87246	0.86818	0.68483	20
0.87011	0.87347	0.87597	0.76965	21
0.87234	0.87548	0.86843	0.78766	23
0.87343	0.87655	0.86843	0.78626	24
0.87343	0.87655	0.86843	0.78626	24
0.87136	0.87293	0.86969	0.77938	23
0.86881	0.87193	0.8722	0.7675	20
0.87343	0.87655	0.86843	0.78626	24
0.87343	0.87655	0.86843	0.78626	24
0.86461	0.86777	0.87296	0.76001	20
0.86923	0.87381	0.87346	0.77505	21
0.87057	0.87288	0.87195	0.78383	22
0.87343	0.87655	0.86843	0.78626	24
0.87343	0.87655	0.86843	0.78626	24
0.87155	0.8739	0.86138	0.78402	23
0.86813	0.87109	0.87673	0.75399	20
0.8654	0.86668	0.85031	0.6361	19
0.87343	0.87655	0.86843	0.78626	24
0.87234	0.87548	0.86843	0.78766	23
0.86881	0.87193	0.8722	0.7675	20
0.87343	0.87655	0.86843	0.78626	24
0.87056	0.87561	0.87245	0.77378	22
0.87623	0.87368	0.8639	0.64324	25
0.87343	0.87655	0.86843	0.78626	24
0.87172	0.87562	0.87698	0.77182	22
0.86842	0.87255	0.86692	0.69383	19
0.87343	0.87655	0.86843	0.78626	24
0.86968	0.87269	0.86541	0.68377	20
0.86538	0.86683	0.85761	0.6747	18
0.87343	0.87655	0.86843	0.78626	24
0.87057	0.87288	0.87195	0.78383	22
0.87343	0.87655	0.86843	0.78626	24
0.86549	0.87139	0.86113	0.75315	21
0.85826	0.85829	0.85887	0.73488	20
0.87181	0.87361	0.87119	0.78248	23
0.86875	0.87122	0.85811	0.67653	19
0.87234	0.87548	0.86843	0.78766	23
0.87343	0.87655	0.86843	0.78626	24
0.86881	0.87193	0.8722	0.7675	20
0.86639	0.87131	0.8644	0.75394	18
0.86475	0.86093	0.86088	0.53187	16
0.87181	0.87361	0.87119	0.78248	23
0.86517	0.86908	0.8639	0.76325	18
0.87343	0.87655	0.86843	0.78626	24
0.87178	0.87547	0.87119	0.77722	23
0.85908	0.8626	0.86893	0.72978	17
0.87343	0.87655	0.86843	0.78626	24
0.86439	0.8675	0.85208	0.74263	19
0.87343	0.87655	0.86843	0.78626	24
0.87056	0.87333	0.86365	0.78541	22
0.86944	0.87077	0.86692	0.67134	19
0.87343	0.87655	0.86843	0.78626	24
0.87343	0.87655	0.86843	0.78626	24
0.87343	0.87655	0.86843	0.78626	24
0.87343	0.87655	0.86843	0.78626	24
0.87343	0.87655	0.86843	0.78626	24
0.87343	0.87655	0.86843	0.78626	24
0.87343	0.87655	0.86843	0.78626	24
0.87343	0.87655	0.86843	0.78626	24
0.87343	0.87655	0.86843	0.78626	24
0.87343	0.87655	0.86843	0.78626	24
0.87343	0.87655	0.86843	0.78626	24
0.87343	0.87655	0.86843	0.78626	24
0.87234	0.87548	0.86843	0.78766	23
0.86695	0.86784	0.85082	0.69419	19
0.86227	0.86345	0.85132	0.63191	15
0.87343	0.87655	0.86843	0.78626	24
0.87343	0.87655	0.86843	0.78626	24
0.87343	0.87655	0.86843	0.78626	24
0.87343	0.87655	0.86843	0.78626	24
0.86682	0.86464	0.85434	0.5688	19
0.87343	0.87655	0.86843	0.78626	24
0.87343	0.87655	0.86843	0.78626	24
0.87181	0.87361	0.87119	0.78248	23
0.87343	0.87655	0.86843	0.78626	24
0.87343	0.87655	0.86843	0.78626	24
0.86867	0.87148	0.85233	0.7593	20
0.86617	0.8698	0.86138	0.75867	20
0.86689	0.87088	0.86943	0.75365	20
0.87011	0.87347	0.87597	0.76965	21
0.87057	0.87288	0.87195	0.78383	22
0.87099	0.87449	0.87421	0.75625	21
0.87011	0.87347	0.87597	0.76965	21
0.87343	0.87655	0.86843	0.78626	24
0.87234	0.87548	0.86843	0.78766	23
0.87057	0.87288	0.87195	0.78383	22
0.87343	0.87655	0.86843	0.78626	24
0.87343	0.87655	0.86843	0.78626	24
0.87178	0.87547	0.87119	0.77722	23
0.86461	0.86777	0.87296	0.76001	20
0.87155	0.8739	0.86138	0.78402	23
0.87181	0.87361	0.87119	0.78248	23
0.87322	0.87256	0.86767	0.61426	21
0.87343	0.87655	0.86843	0.78626	24
0.86995	0.87099	0.86516	0.78021	22
0.85719	0.85876	0.86214	0.74004	17
0.86899	0.8703	0.86742	0.6708	20
0.87343	0.87655	0.86843	0.78626	24
0.87343	0.87655	0.86843	0.78626	24
0.87234	0.87548	0.86843	0.78766	23
0.85421	0.85408	0.85811	0.72597	20
0.86356	0.86058	0.86767	0.54437	15
0.87343	0.87655	0.86843	0.78626	24
0.85914	0.855	0.85484	0.5686	20
0.87011	0.87347	0.87597	0.76965	21
0.86687	0.86892	0.86113	0.73386	20
0.87343	0.87655	0.86843	0.78626	24
0.87057	0.87288	0.87195	0.78383	22
0.87074	0.87424	0.85484	0.78276	23
0.86591	0.86988	0.85157	0.73732	19
0.86261	0.866	0.87245	0.73915	18
0.87057	0.87288	0.87195	0.78383	22
0.85965	0.86291	0.85635	0.64574	17
0.86532	0.86334	0.86792	0.558	17
0.87343	0.87655	0.86843	0.78626	24
0.87343	0.87655	0.86843	0.78626	24
0.86576	0.86829	0.8634	0.76409	20
0.87343	0.87655	0.86843	0.78626	24
0.87343	0.87655	0.86843	0.78626	24
0.87008	0.87169	0.87371	0.7704	22
0.86892	0.87297	0.86013	0.76081	21
0.87178	0.87547	0.87119	0.77722	23
0.87181	0.87361	0.87119	0.78248	23
0.87017	0.86818	0.8644	0.56557	19
0.85683	0.85876	0.85006	0.69768	15
0.86562	0.86229	0.86692	0.5491	17
0.87343	0.87655	0.86843	0.78626	24
0.87057	0.87288	0.87195	0.78383	22
0.87051	0.87152	0.8639	0.68688	21
0.86676	0.86991	0.85962	0.76013	19
0.87343	0.87655	0.86843	0.78626	24
0.87234	0.87548	0.86843	0.78766	23
0.87181	0.87361	0.87119	0.78248	23
0.87343	0.87655	0.86843	0.78626	24
0.86842	0.87255	0.86692	0.69383	19
0.86924	0.87163	0.86767	0.78161	21
0.87172	0.87562	0.87698	0.77182	22
0.87343	0.87655	0.86843	0.78626	24
0.87157	0.87593	0.87346	0.76358	22
0.86912	0.86827	0.86088	0.5871	19
0.86639	0.87131	0.8644	0.75394	18
0.87343	0.87655	0.86843	0.78626	24
0.86686	0.86564	0.86516	0.55185	16
0.87291	0.87635	0.87346	0.7711	23
0.86143	0.86288	0.86566	0.75611	18
0.86737	0.87056	0.85409	0.69842	20
0.87343	0.87655	0.86843	0.78626	24
0.86428	0.86773	0.86239	0.764	19
0.87343	0.87655	0.86843	0.78626	24
0.87234	0.87548	0.86843	0.78766	23
0.87109	0.8742	0.87925	0.66837	20
0.86493	0.86908	0.86742	0.74993	18
0.86881	0.87193	0.8722	0.7675	20
0.87343	0.87655	0.86843	0.78626	24
0.87057	0.87288	0.87195	0.78383	22
0.87057	0.87288	0.87195	0.78383	22
0.87343	0.87655	0.86843	0.78626	24
0.86731	0.87195	0.86465	0.76554	19
0.87343	0.87655	0.86843	0.78626	24
0.87343	0.87655	0.86843	0.78626	24
0.87113	0.87097	0.8727	0.68813	22
0.86571	0.86877	0.86214	0.77283	20
0.87361	0.8769	0.86113	0.72467	24
0.87057	0.87288	0.87195	0.78383	22
0.87064	0.87286	0.86491	0.66063	20
0.86397	0.86697	0.86289	0.76267	18
0.87234	0.87548	0.86843	0.78766	23
0.87343	0.87655	0.86843	0.78626	24
0.87343	0.87655	0.86843	0.78626	24
0.87343	0.87655	0.86843	0.78626	24
0.87343	0.87655	0.86843	0.78626	24
0.87343	0.87655	0.86843	0.78626	24
0.87343	0.87655	0.86843	0.78626	24
0.87343	0.87655	0.86843	0.78626	24
0.87343	0.87655	0.86843	0.78626	24
0.87343	0.87655	0.86843	0.78626	24
0.87343	0.87655	0.86843	0.78626	24
0.86097	0.86537	0.87019	0.72578	15
0.87057	0.87288	0.87195	0.78383	22
0.87343	0.87655	0.86843	0.78626	24
0.87343	0.87655	0.86843	0.78626	24
0.86768	0.87248	0.86868	0.76364	21
0.87349	0.8734	0.87069	0.69077	22
0.87178	0.87547	0.87119	0.77722	23
0.87343	0.87655	0.86843	0.78626	24
0.87343	0.87655	0.86843	0.78626	24
0.86408	0.86307	0.86969	0.55382	17
0.86774	0.87075	0.85811	0.74733	19
0.86572	0.86321	0.85258	0.48454	17
0.87178	0.87547	0.87119	0.77722	23
0.87343	0.87655	0.86843	0.78626	24
0.86924	0.87163	0.86767	0.78161	21
0.86021	0.86226	0.85031	0.7078	16
0.87343	0.87655	0.86843	0.78626	24
0.87057	0.87288	0.87195	0.78383	22
0.87343	0.87655	0.86843	0.78626	24
0.86943	0.87392	0.86189	0.76827	21
0.87343	0.87655	0.86843	0.78626	24
0.87343	0.87655	0.86843	0.78626	24
0.87363	0.87373	0.87245	0.60302	21
0.87181	0.87361	0.87119	0.78248	23
0.87343	0.87655	0.86843	0.78626	24
0.87343	0.87655	0.86843	0.78626	24
0.87343	0.87655	0.86843	0.78626	24
0.87174	0.87095	0.86566	0.57699	20
0.87178	0.87547	0.87119	0.77722	23
0.86277	0.86589	0.85057	0.73297	19
0.87343	0.87655	0.86843	0.78626	24
0.85801	0.85354	0.86189	0.53007	17
0.87008	0.87169	0.87371	0.7704	22
0.87234	0.87548	0.86843	0.78766	23
0.87343	0.87655	0.86843	0.78626	24
0.86614	0.86774	0.86088	0.70119	20
0.87181	0.87361	0.87119	0.78248	23
0.87343	0.87655	0.86843	0.78626	24
0.86775	0.87036	0.86214	0.75869	20
0.87301	0.87436	0.85132	0.68225	25
0.87343	0.87655	0.86843	0.78626	24
0.87343	0.87655	0.86843	0.78626	24
0.86881	0.87193	0.8722	0.7675	20
0.87343	0.87655	0.86843	0.78626	24
0.87057	0.87288	0.87195	0.78383	22
0.86188	0.861	0.86164	0.65028	16
0.87343	0.87655	0.86843	0.78626	24
0.87057	0.87288	0.87195	0.78383	22
0.86881	0.87193	0.8722	0.7675	20
0.87019	0.87326	0.85811	0.76771	22
0.87234	0.87548	0.86843	0.78766	23
0.86493	0.86908	0.86742	0.74993	18
0.87343	0.87655	0.86843	0.78626	24
0.86924	0.87163	0.86767	0.78161	21
0.87181	0.87361	0.87119	0.78248	23
0.87064	0.87286	0.86491	0.66063	20
0.87343	0.87655	0.86843	0.78626	24
0.87343	0.87655	0.86843	0.78626	24
0.87291	0.87635	0.87346	0.7711	23
0.87343	0.87655	0.86843	0.78626	24
0.87155	0.8739	0.86138	0.78402	23
0.87343	0.87655	0.86843	0.78626	24
0.86486	0.86744	0.87069	0.76359	19
0.87343	0.87655	0.86843	0.78626	24
0.87178	0.87547	0.87119	0.77722	23
0.8623	0.86622	0.86667	0.75178	17
0.87442	0.87475	0.85786	0.69506	24
0.86545	0.8683	0.86616	0.75772	18
0.87011	0.87192	0.86491	0.78171	23
0.87473	0.87478	0.87899	0.69335	24
0.87057	0.87288	0.87195	0.78383	22
0.86551	0.86728	0.86289	0.73448	19
0.87343	0.87655	0.86843	0.78626	24
0.86517	0.86908	0.8639	0.76325	18
0.87074	0.87424	0.85484	0.78276	23
0.86923	0.87381	0.87346	0.77505	21
0.86157	0.86485	0.8556	0.75289	20
0.86173	0.86467	0.85384	0.75272	21
0.86988	0.87353	0.86843	0.76518	21
0.87234	0.87548	0.86843	0.78766	23
0.86892	0.87297	0.86013	0.76081	21
0.87343	0.87655	0.86843	0.78626	24
0.87343	0.87655	0.86843	0.78626	24
0.85982	0.8645	0.86893	0.73864	22
0.87343	0.87655	0.86843	0.78626	24
0.87343	0.87655	0.86843	0.78626	24
0.87011	0.87347	0.87597	0.76965	21
0.86532	0.86334	0.86792	0.558	17
0.87343	0.87655	0.86843	0.78626	24
0.87343	0.87655	0.86843	0.78626	24
0.87343	0.87655	0.86843	0.78626	24
0.86853	0.87146	0.85962	0.77318	21
0.86534	0.86672	0.86038	0.76035	20
0.87234	0.87548	0.86843	0.78766	23
0.86943	0.87392	0.86189	0.76827	21
0.86136	0.86333	0.86943	0.75111	18
0.87343	0.87655	0.86843	0.78626	24
0.86639	0.87131	0.8644	0.75394	18
0.87008	0.87169	0.87371	0.7704	22
0.87343	0.87655	0.86843	0.78626	24
0.86661	0.86897	0.87597	0.76671	20
0.86868	0.87016	0.85258	0.77635	22
0.86669	0.86495	0.86491	0.56281	17
0.86617	0.8698	0.86138	0.75867	20
0.87343	0.87655	0.86843	0.78626	24
0.86622	0.86834	0.85409	0.68815	19
0.86461	0.86777	0.87296	0.76001	20
0.87343	0.87655	0.86843	0.78626	24
0.87234	0.87548	0.86843	0.78766	23
0.87343	0.87655	0.86843	0.78626	24
0.87343	0.87655	0.86843	0.78626	24
0.87343	0.87655	0.86843	0.78626	24
0.87343	0.87655	0.86843	0.78626	24
0.87343	0.87655	0.86843	0.78626	24
0.87343	0.87655	0.86843	0.78626	24
0.87343	0.87655	0.86843	0.78626	24
0.87343	0.87655	0.86843	0.78626	24
0.87343	0.87655	0.86843	0.78626	24
0.87343	0.87655	0.86843	0.78626	24
0.87039	0.87472	0.87019	0.76969	21
0.87343	0.87655	0.86843	0.78626	24
0.87343	0.87655	0.86843	0.78626	24
0.87155	0.8739	0.86138	0.78402	23
0.87343	0.87655	0.86843	0.78626	24
0.87181	0.87361	0.87119	0.78248	23
0.87473	0.87308	0.86013	0.63782	22
0.87343	0.87655	0.86843	0.78626	24
0.87343	0.87655	0.86843	0.78626	24
0.86136	0.86333	0.86943	0.75111	18
0.86961	0.87252	0.86239	0.70571	21
0.87011	0.87347	0.87597	0.76965	21
0.87102	0.87481	0.87094	0.76745	22
0.87343	0.87655	0.86843	0.78626	24
0.86659	0.86232	0.8556	0.48759	16
0.87343	0.87655	0.86843	0.78626	24
0.87343	0.87655	0.86843	0.78626	24
0.86481	0.86808	0.86113	0.6927	19
0.86943	0.87392	0.86189	0.76827	21
0.86792	0.87225	0.86063	0.77945	20
0.87343	0.87655	0.86843	0.78626	24
0.87057	0.87288	0.87195	0.78383	22
0.87074	0.87424	0.85484	0.78276	23
0.87057	0.87288	0.87195	0.78383	22
0.87019	0.87314	0.85434	0.7822	22
0.87234	0.87548	0.86843	0.78766	23
0.86995	0.87099	0.86516	0.78021	22
0.87343	0.87655	0.86843	0.78626	24
0.86878	0.86655	0.85585	0.51194	18
0.85925	0.85706	0.86642	0.51021	14
0.87343	0.87655	0.86843	0.78626	24
0.87343	0.87655	0.86843	0.78626	24
0.87057	0.87288	0.87195	0.78383	22
0.87234	0.87548	0.86843	0.78766	23
0.86845	0.87258	0.85836	0.77431	20
0.87343	0.87655	0.86843	0.78626	24
0.86906	0.87364	0.87597	0.76219	20
0.86904	0.8716	0.85912	0.77168	21
0.87343	0.87655	0.86843	0.78626	24
0.87226	0.872	0.86541	0.67925	24
0.87008	0.87169	0.87371	0.7704	22
0.87343	0.87655	0.86843	0.78626	24
0.87343	0.87655	0.86843	0.78626	24
0.86952	0.87315	0.86138	0.76967	20
0.87123	0.8761	0.85635	0.77416	24
0.86397	0.86586	0.8566	0.74591	19
0.86669	0.87169	0.86943	0.67163	20
0.86881	0.87193	0.8722	0.7675	20
0.86715	0.87081	0.8722	0.74403	19
0.86673	0.87065	0.86893	0.7736	20
0.86397	0.86178	0.86792	0.57885	21
0.87343	0.87655	0.86843	0.78626	24
0.87234	0.87548	0.86843	0.78766	23
0.87056	0.87561	0.87245	0.77378	22
0.87181	0.87361	0.87119	0.78248	23
0.86995	0.87099	0.86516	0.78021	22
0.86197	0.86041	0.86013	0.53784	16
0.87343	0.87655	0.86843	0.78626	24
0.86912	0.87084	0.86541	0.68605	20
0.87343	0.87655	0.86843	0.78626	24
0.87343	0.87655	0.86843	0.78626	24
0.87178	0.87547	0.87119	0.77722	23
0.87343	0.87655	0.86843	0.78626	24
0.86737	0.87147	0.85107	0.77315	19
0.87056	0.87333	0.86365	0.78541	22
0.86559	0.87015	0.86742	0.74961	18
0.87343	0.87655	0.86843	0.78626	24
0.87042	0.87295	0.85761	0.7047	22
0.86892	0.87297	0.86013	0.76081	21
0.86822	0.87154	0.86138	0.73667	20
0.86731	0.87195	0.86465	0.76554	19
0.86679	0.8636	0.87296	0.55964	18
0.86906	0.87092	0.85887	0.70587	21
0.86923	0.87381	0.87346	0.77505	21
0.87363	0.87373	0.87245	0.60302	21
0.87234	0.87548	0.86843	0.78766	23
0.86493	0.86808	0.86742	0.75693	22
0.86811	0.86921	0.85786	0.69253	19
0.86844	0.87154	0.8634	0.6908	20
0.87343	0.87655	0.86843	0.78626	24
0.865	0.86845	0.86969	0.75031	17
0.87343	0.87655	0.86843	0.78626	24
0.87178	0.87547	0.87119	0.77722	23
0.86673	0.87104	0.85635	0.64689	18
0.87343	0.87655	0.86843	0.78626	24
0.87343	0.87655	0.86843	0.78626	24
0.85977	0.85793	0.85585	0.58754	18
0.86856	0.87107	0.86365	0.74999	20
0.87343	0.87655	0.86843	0.78626	24
0.87343	0.87655	0.86843	0.78626	24
0.86988	0.87122	0.86214	0.67192	20
0.87343	0.87655	0.86843	0.78626	24
0.87284	0.87217	0.85686	0.63233	21
0.86157	0.86485	0.8556	0.75289	20
0.87181	0.87361	0.87119	0.78248	23
0.87343	0.87655	0.86843	0.78626	24
0.87343	0.87655	0.86843	0.78626	24
0.87343	0.87655	0.86843	0.78626	24
0.87343	0.87655	0.86843	0.78626	24
0.87343	0.87655	0.86843	0.78626	24
0.86461	0.86777	0.87296	0.76001	20
0.87039	0.87472	0.87019	0.76969	21
0.86455	0.86658	0.86239	0.75315	19
0.86537	0.8635	0.86742	0.56996	19
0.8696	0.87326	0.87245	0.76309	21
0.86111	0.8637	0.85459	0.74101	18
0.86428	0.86773	0.86239	0.764	19
0.86329	0.86441	0.86063	0.65544	17
0.86796	0.87154	0.87597	0.7676	20
0.87057	0.87288	0.87195	0.78383	22
0.86639	0.86552	0.86591	0.57643	18
0.87343	0.87655	0.86843	0.78626	24
0.86631	0.86315	0.86943	0.55783	18
0.86924	0.87163	0.86767	0.78161	21
0.86861	0.87269	0.85736	0.77825	21
0.87343	0.87655	0.86843	0.78626	24
0.87343	0.87655	0.86843	0.78626	24
0.87343	0.87655	0.86843	0.78626	24
0.87343	0.87655	0.86843	0.78626	24
0.87343	0.87655	0.86843	0.78626	24
0.87343	0.87655	0.86843	0.78626	24
0.87343	0.87655	0.86843	0.78626	24
0.87343	0.87655	0.86843	0.78626	24
0.87343	0.87655	0.86843	0.78626	24
0.87343	0.87655	0.86843	0.78626	24
0.87343	0.87655	0.86843	0.78626	24
0.87343	0.87655	0.86843	0.78626	24
0.87343	0.87655	0.86843	0.78626	24
0.86789	0.87256	0.86415	0.766	20
0.86608	0.8716	0.86415	0.76827	20
0.87343	0.87655	0.86843	0.78626	24
0.87181	0.87361	0.87119	0.78248	23
0.86571	0.86864	0.86566	0.77896	23
0.86596	0.87089	0.86692	0.75321	19
0.86961	0.87252	0.86239	0.70571	21
0.86749	0.86719	0.87019	0.66053	21
0.86157	0.86485	0.8556	0.75289	20
0.87047	0.87285	0.87321	0.76831	21
0.87343	0.87655	0.86843	0.78626	24
0.87181	0.87361	0.87119	0.78248	23
0.86923	0.87381	0.87346	0.77505	21
0.87343	0.87655	0.86843	0.78626	24
0.87343	0.87655	0.86843	0.78626	24
0.86552	0.86809	0.85836	0.66948	19
0.87343	0.87655	0.86843	0.78626	24
0.87136	0.87293	0.86969	0.77938	23
0.87343	0.87655	0.86843	0.78626	24
0.87155	0.8739	0.86138	0.78402	23
0.86638	0.87139	0.87145	0.75723	19
0.86256	0.85773	0.85862	0.62656	17
0.87343	0.87655	0.86843	0.78626	24
0.86523	0.86316	0.86767	0.55762	16
0.87343	0.87655	0.86843	0.78626	24
0.87343	0.87655	0.86843	0.78626	24
0.87343	0.87655	0.86843	0.78626	24
0.87343	0.87655	0.86843	0.78626	24
0.87343	0.87655	0.86843	0.78626	24
0.86902	0.87205	0.86264	0.76781	20
0.87178	0.87547	0.87119	0.77722	23
0.87343	0.87655	0.86843	0.78626	24
0.86397	0.86669	0.86113	0.76341	19
0.86675	0.86543	0.86717	0.57789	19
0.87057	0.87288	0.87195	0.78383	22
0.86247	0.86024	0.85157	0.63764	16
0.87234	0.87548	0.86843	0.78766	23
0.86605	0.86568	0.8644	0.56878	16
0.87343	0.87655	0.86843	0.78626	24
0.87178	0.87547	0.87119	0.77722	23
0.86924	0.87163	0.86767	0.78161	21
0.87011	0.87347	0.87597	0.76965	21
0.87172	0.87562	0.87698	0.77182	22
0.86923	0.87381	0.87346	0.77505	21
0.87057	0.87288	0.87195	0.78383	22
0.86445	0.8608	0.86491	0.53374	16
0.87343	0.87655	0.86843	0.78626	24
0.86737	0.87147	0.85107	0.77315	19
0.87343	0.87655	0.86843	0.78626	24
0.86517	0.8652	0.85686	0.76325	21
0.87343	0.87655	0.86843	0.78626	24
0.87343	0.87655	0.86843	0.78626	24
0.86848	0.87286	0.86516	0.76128	20
0.87889	0.87825	0.8644	0.69984	27
0.86805	0.86934	0.86742	0.74501	20
0.87234	0.87548	0.86843	0.78766	23
0.87343	0.87655	0.86843	0.78626	24
0.86845	0.87258	0.85836	0.77431	20
0.87343	0.87655	0.86843	0.78626	24
0.85971	0.85632	0.86365	0.51407	15
0.86596	0.87133	0.86465	0.74198	19
0.87039	0.87472	0.87019	0.76969	21
0.8722	0.87378	0.85208	0.70075	22
0.87042	0.87295	0.85761	0.7047	22
0.86329	0.86441	0.86063	0.65544	17
0.87343	0.87655	0.86843	0.78626	24
0.86517	0.86908	0.8639	0.76325	18
0.87014	0.87526	0.85761	0.76968	22
0.86761	0.87301	0.86465	0.76025	19
0.86972	0.87405	0.85912	0.76864	21
0.87053	0.87167	0.8634	0.68968	21
0.87074	0.87424	0.85484	0.78276	23
0.87057	0.87288	0.87195	0.78383	22
0.86551	0.8665	0.85811	0.67599	19
0.87343	0.87655	0.86843	0.78626	24
0.86467	0.86204	0.85711	0.55934	15
0.87019	0.87314	0.85434	0.7822	22
0.86792	0.87225	0.86063	0.77945	20
0.8663	0.86457	0.86591	0.56117	18
0.87042	0.87295	0.85761	0.7047	22
0.86428	0.86773	0.86239	0.764	19
0.87057	0.87288	0.87195	0.78383	22
0.87343	0.87655	0.86843	0.78626	24
0.87039	0.87472	0.87019	0.76969	21
0.86985	0.86875	0.86767	0.58905	18
0.86847	0.86663	0.86465	0.55472	18
0.86114	0.85749	0.86893	0.57328	18
0.87074	0.87424	0.85484	0.78276	23
0.86906	0.87364	0.87597	0.76219	20
0.86132	0.85958	0.85987	0.65417	17
0.86495	0.86185	0.87094	0.64047	18
0.87087	0.87583	0.86969	0.7785	22
0.87181	0.87361	0.87119	0.78248	23
0.87343	0.87655	0.86843	0.78626	24
0.87343	0.87655	0.86843	0.78626	24
0.86844	0.87154	0.8634	0.6908	20
0.86673	0.87065	0.86893	0.7736	20
0.86545	0.8683	0.86616	0.75772	18
0.87011	0.87347	0.87597	0.76965	21
0.87343	0.87655	0.86843	0.78626	24
0.86816	0.86529	0.87497	0.65233	19
0.86673	0.87065	0.86893	0.7736	20
0.87343	0.87655	0.86843	0.78626	24
0.87343	0.87655	0.86843	0.78626	24
0.87155	0.8739	0.86138	0.78402	23
0.87343	0.87655	0.86843	0.78626	24
0.87343	0.87655	0.86843	0.78626	24
0.87343	0.87655	0.86843	0.78626	24
0.87343	0.87655	0.86843	0.78626	24
0.87343	0.87655	0.86843	0.78626	24
0.87343	0.87655	0.86843	0.78626	24
0.87343	0.87655	0.86843	0.78626	24
0.87343	0.87655	0.86843	0.78626	24
0.87343	0.87655	0.86843	0.78626	24
0.87343	0.87655	0.86843	0.78626	24
0.87343	0.87655	0.86843	0.78626	24
0.87343	0.87655	0.86843	0.78626	24
0.87343	0.87655	0.86843	0.78626	24
0.86968	0.86828	0.86918	0.58291	20
0.87039	0.87675	0.87421	0.76413	21
0.86247	0.86024	0.85157	0.63764	16
0.87343	0.87655	0.86843	0.78626	24
0.87343	0.87655	0.86843	0.78626	24
0.87343	0.87655	0.86843	0.78626	24
0.86713	0.87101	0.86516	0.7592	19
0.86836	0.8711	0.87648	0.77617	21
0.87101	0.87481	0.8722	0.75852	21
0.86746	0.86514	0.85887	0.58532	17
0.86995	0.87099	0.86516	0.78021	22
0.87343	0.87655	0.86843	0.78626	24
0.86963	0.87327	0.85912	0.76714	21
0.87056	0.87333	0.86365	0.78541	22
0.87343	0.87655	0.86843	0.78626	24
0.87343	0.87655	0.86843	0.78626	24
0.86972	0.87405	0.85912	0.76864	21
0.87057	0.87288	0.87195	0.78383	22
0.87181	0.87361	0.87119	0.78248	23
0.86509	0.86767	0.86667	0.75728	18
0.87343	0.87655	0.86843	0.78626	24
0.87343	0.87655	0.86843	0.78626	24
0.87087	0.87583	0.86969	0.7785	22
0.86792	0.87225	0.86063	0.77945	20
0.87343	0.87655	0.86843	0.78626	24
0.86961	0.87252	0.86239	0.70571	21
0.87343	0.87655	0.86843	0.78626	24
0.86761	0.8667	0.85761	0.66812	20
0.86731	0.87195	0.86465	0.76554	19
0.86546	0.86633	0.85233	0.68297	20
0.86673	0.87065	0.86893	0.7736	20
0.87343	0.87655	0.86843	0.78626	24
0.87343	0.87655	0.86843	0.78626	24
0.86833	0.86955	0.86239	0.70789	21
0.87065	0.87183	0.86164	0.70787	22
0.86428	0.86773	0.86239	0.764	19
0.87056	0.87333	0.86365	0.78541	22
0.87343	0.87655	0.86843	0.78626	24
0.86881	0.87193	0.8722	0.7675	20
0.87057	0.87288	0.87195	0.78383	22
0.86619	0.86854	0.86289	0.67454	17
0.87343	0.87655	0.86843	0.78626	24
0.87181	0.87361	0.87119	0.78248	23
0.87343	0.87655	0.86843	0.78626	24
0.87178	0.87547	0.87119	0.77722	23
0.87234	0.87548	0.86843	0.78766	23
0.87343	0.87655	0.86843	0.78626	24
0.87003	0.8724	0.85761	0.6972	19
0.87343	0.87655	0.86843	0.78626	24
0.87343	0.87655	0.86843	0.78626	24
0.87343	0.87655	0.86843	0.78626	24
0.86445	0.8608	0.86491	0.53374	16
0.86943	0.87392	0.86189	0.76827	21
0.87239	0.87214	0.86969	0.58424	20
0.86325	0.86403	0.87321	0.64401	18
0.86933	0.86985	0.86868	0.58337	17
0.87343	0.87655	0.86843	0.78626	24
0.87223	0.87076	0.86792	0.60765	21
0.86614	0.86548	0.86918	0.65673	19
0.86876	0.87406	0.86742	0.76546	21
0.87343	0.87655	0.86843	0.78626	24
0.8573	0.85601	0.85484	0.61327	14
0.87343	0.87655	0.86843	0.78626	24
0.86673	0.87065	0.86893	0.7736	20
0.87343	0.87655	0.86843	0.78626	24
0.87059	0.86784	0.85736	0.60647	20
0.87019	0.87314	0.85434	0.7822	22
0.86122	0.85473	0.85434	0.50931	15
0.87074	0.87424	0.85484	0.78276	23
0.86596	0.87089	0.86692	0.75321	19
0.87056	0.87333	0.86365	0.78541	22
0.87028	0.87305	0.86289	0.70735	21
0.86664	0.86271	0.85711	0.59249	17
0.87239	0.87231	0.86742	0.68283	22
0.86923	0.87381	0.87346	0.77505	21
0.87343	0.87655	0.86843	0.78626	24
0.87343	0.87655	0.86843	0.78626	24
0.87343	0.87655	0.86843	0.78626	24
0.87056	0.87561	0.87245	0.77378	22
0.87343	0.87655	0.86843	0.78626	24
0.86328	0.85915	0.86164	0.53159	18
0.87343	0.87655	0.86843	0.78626	24
0.87343	0.87655	0.86843	0.78626	24
0.87343	0.87655	0.86843	0.78626	24
0.867	0.86477	0.86868	0.60637	19
0.86848	0.87286	0.86516	0.76128	20
0.86151	0.85654	0.86642	0.57418	19
0.86619	0.86854	0.86289	0.67454	17
0.87343	0.87655	0.86843	0.78626	24
0.86647	0.87094	0.87421	0.7591	19
0.87343	0.87655	0.86843	0.78626	24
0.8727	0.87606	0.86918	0.77378	23
0.87343	0.87655	0.86843	0.78626	24
0.86374	0.86612	0.86994	0.76571	20
0.8659	0.86863	0.8634	0.66721	18
0.87343	0.87655	0.86843	0.78626	24
0.87061	0.87501	0.87572	0.76162	21
0.87056	0.87561	0.87245	0.77378	22
0.86744	0.87086	0.85862	0.70866	20
0.87234	0.87548	0.86843	0.78766	23
0.87343	0.87655	0.86843	0.78626	24
0.87343	0.87655	0.86843	0.78626	24
0.86723	0.86956	0.86818	0.67352	18
0.8727	0.87606	0.86918	0.77378	23
0.86969	0.87363	0.85761	0.78338	21
0.87234	0.87548	0.86843	0.78766	23
0.87343	0.87655	0.86843	0.78626	24
0.86794	0.86589	0.8644	0.5895	17
0.87155	0.8739	0.86138	0.78402	23
0.8669	0.87148	0.85635	0.7664	20
0.87011	0.87347	0.87597	0.76965	21
0.87343	0.87655	0.86843	0.78626	24
0.87343	0.87655	0.86843	0.78626	24
0.87343	0.87655	0.86843	0.78626	24
0.87343	0.87655	0.86843	0.78626	24
0.87343	0.87655	0.86843	0.78626	24
0.87343	0.87655	0.86843	0.78626	24
0.87343	0.87655	0.86843	0.78626	24
0.87343	0.87655	0.86843	0.78626	24
0.87343	0.87655	0.86843	0.78626	24
0.87343	0.87655	0.86843	0.78626	24
0.8665	0.86814	0.85434	0.67224	19
0.87343	0.87655	0.86843	0.78626	24
0.86792	0.87225	0.86063	0.77945	20
0.87343	0.87655	0.86843	0.78626	24
0.87056	0.87333	0.86365	0.78541	22
0.85988	0.85492	0.86616	0.52696	18
0.86912	0.87084	0.86541	0.68605	20
0.8659	0.86863	0.8634	0.66721	18
0.86985	0.86875	0.86767	0.58905	18
0.87962	0.87736	0.86742	0.63965	26
0.87343	0.87655	0.86843	0.78626	24
0.87056	0.87561	0.87245	0.77378	22
0.87343	0.87655	0.86843	0.78626	24
0.86842	0.87255	0.86692	0.69383	19
0.86902	0.87205	0.86264	0.76781	20
0.87343	0.87655	0.86843	0.78626	24
0.87343	0.87655	0.86843	0.78626	24
0.87343	0.87655	0.86843	0.78626	24
0.87343	0.87655	0.86843	0.78626	24
0.86955	0.87076	0.86038	0.68763	21
0.87343	0.87655	0.86843	0.78626	24
0.87178	0.87547	0.87119	0.77722	23
0.87181	0.87361	0.87119	0.78248	23
0.87061	0.87164	0.86742	0.6869	19
0.86881	0.87193	0.8722	0.7675	20
0.86394	0.8668	0.85509	0.68849	18
0.86696	0.86615	0.86818	0.66682	18
0.86475	0.86218	0.86289	0.54914	17
0.87343	0.87655	0.86843	0.78626	24
0.87181	0.87361	0.87119	0.78248	23
0.87343	0.87655	0.86843	0.78626	24
0.87343	0.87655	0.86843	0.78626	24
0.87343	0.87655	0.86843	0.78626	24
0.87198	0.87418	0.86189	0.70945	22
0.86839	0.87282	0.86138	0.76484	20
0.8727	0.87606	0.86918	0.77378	23
0.86924	0.87163	0.86767	0.78161	21
0.88151	0.87829	0.86138	0.64091	26
0.87123	0.87501	0.87698	0.76893	22
0.87157	0.87593	0.87346	0.76358	22
0.87181	0.87361	0.87119	0.78248	23
0.86836	0.8711	0.87648	0.77617	21
0.86876	0.87406	0.86742	0.76546	21
0.87056	0.87561	0.87245	0.77378	22
0.87022	0.87294	0.8722	0.78019	22
0.87065	0.87183	0.86164	0.70787	22
0.87239	0.87214	0.86969	0.58424	20
0.87343	0.87655	0.86843	0.78626	24
0.86334	0.86726	0.86214	0.76691	18
0.87343	0.87655	0.86843	0.78626	24
0.87343	0.87655	0.86843	0.78626	24
0.87181	0.87361	0.87119	0.78248	23
0.87343	0.87655	0.86843	0.78626	24
0.87343	0.87655	0.86843	0.78626	24
0.86534	0.86892	0.86264	0.77208	19
0.87056	0.87333	0.86365	0.78541	22
0.86428	0.86773	0.86239	0.764	19
0.87343	0.87655	0.86843	0.78626	24
0.87343	0.87655	0.86843	0.78626	24
0.87343	0.87655	0.86843	0.78626	24
0.87343	0.87655	0.86843	0.78626	24
0.87343	0.87655	0.86843	0.78626	24
0.86374	0.86612	0.86994	0.76571	20
0.87343	0.87655	0.86843	0.78626	24
0.87343	0.87655	0.86843	0.78626	24
0.8727	0.87606	0.86918	0.77378	23
0.87343	0.87655	0.86843	0.78626	24
0.86182	0.86661	0.86365	0.72529	17
0.87098	0.86898	0.86893	0.68602	21
0.87341	0.87387	0.86843	0.60819	21
0.86995	0.87099	0.86516	0.78021	22
0.87343	0.87655	0.86843	0.78626	24
0.87019	0.87326	0.85811	0.76771	22
0.87181	0.87361	0.87119	0.78248	23
0.86873	0.87351	0.85862	0.77547	21
0.87234	0.87548	0.86843	0.78766	23
0.86794	0.86589	0.8644	0.5895	17
0.86723	0.86956	0.86818	0.67352	18
0.86792	0.87225	0.86063	0.77945	20
0.8682	0.87163	0.86013	0.77992	21
0.86538	0.86683	0.85761	0.6747	18
0.86379	0.86537	0.8639	0.75433	22
0.87234	0.87548	0.86843	0.78766	23
0.86961	0.87252	0.86239	0.70571	21
0.86961	0.87252	0.86239	0.70571	21
0.87181	0.87361	0.87119	0.78248	23
0.87343	0.87655	0.86843	0.78626	24
0.86861	0.8729	0.86415	0.75984	20
0.86995	0.87099	0.86516	0.78021	22
0.8623	0.8643	0.85233	0.66045	20
0.86675	0.87008	0.86591	0.75819	18
0.87343	0.87655	0.86843	0.78626	24
0.87056	0.87333	0.86365	0.78541	22
0.87107	0.87079	0.87119	0.60028	19
0.87234	0.87548	0.86843	0.78766	23
0.86187	0.86049	0.85585	0.51216	17
0.87074	0.87424	0.85484	0.78276	23
0.87343	0.87655	0.86843	0.78626	24
0.86805	0.86934	0.86742	0.74501	20
0.86833	0.86955	0.86239	0.70789	21
0.86235	0.8613	0.86591	0.64639	17
0.86848	0.87286	0.86516	0.76128	20
0.87343	0.87655	0.86843	0.78626	24
0.86913	0.87283	0.85786	0.77445	22
0.87343	0.87655	0.86843	0.78626	24
0.87343	0.87655	0.86843	0.78626	24
0.87343	0.87655	0.86843	0.78626	24
0.87343	0.87655	0.86843	0.78626	24
0.87343	0.87655	0.86843	0.78626	24
0.87343	0.87655	0.86843	0.78626	24
0.87343	0.87655	0.86843	0.78626	24
0.87343	0.87655	0.86843	0.78626	24
0.87343	0.87655	0.86843	0.78626	24
0.87181	0.87361	0.87119	0.78248	23
0.87178	0.87547	0.87119	0.77722	23
0.86704	0.87025	0.86491	0.75387	19
0.87327	0.8727	0.86616	0.57969	20
0.8727	0.87606	0.86918	0.77378	23
0.86647	0.86749	0.85912	0.75737	20
0.87234	0.87548	0.86843	0.78766	23
0.8596	0.85684	0.86164	0.55754	16
0.87343	0.87655	0.86843	0.78626	24
0.87181	0.87361	0.87119	0.78248	23
0.87234	0.87548	0.86843	0.78766	23
0.86267	0.86172	0.85082	0.64806	17
0.87343	0.87655	0.86843	0.78626	24
0.87343	0.87655	0.86843	0.78626	24
0.86721	0.86875	0.8556	0.70246	19
0.86018	0.86167	0.86239	0.65179	16
0.87039	0.87427	0.87421	0.76194	22
0.87178	0.87547	0.87119	0.77722	23
0.86906	0.86574	0.86038	0.57451	18
0.87343	0.87655	0.86843	0.78626	24
0.87155	0.8739	0.86138	0.78402	23
0.87343	0.87655	0.86843	0.78626	24
0.86732	0.86841	0.8644	0.6447	19
0.8588	0.85486	0.85635	0.54481	16
0.8727	0.87606	0.86918	0.77378	23
0.86101	0.8634	0.86541	0.73434	16
0.87102	0.87405	0.87245	0.76901	22
0.86659	0.86946	0.8722	0.66135	17
0.87123	0.87501	0.87698	0.76893	22
0.87014	0.86969	0.86742	0.6842	19
0.87056	0.87333	0.86365	0.78541	22
0.86848	0.87286	0.86516	0.76128	20
0.86658	0.8692	0.86214	0.67261	18
0.87181	0.87361	0.87119	0.78248	23
0.87056	0.87333	0.86365	0.78541	22
0.87343	0.87655	0.86843	0.78626	24
0.87343	0.87655	0.86843	0.78626	24
0.87234	0.87548	0.86843	0.78766	23
0.87087	0.87583	0.86969	0.7785	22
0.87343	0.87655	0.86843	0.78626	24
0.87343	0.87655	0.86843	0.78626	24
0.87343	0.87655	0.86843	0.78626	24
0.87343	0.87655	0.86843	0.78626	24
0.86995	0.87099	0.86516	0.78021	22
0.87343	0.87655	0.86843	0.78626	24
0.87343	0.87655	0.86843	0.78626	24
0.87343	0.87655	0.86843	0.78626	24
0.86952	0.86893	0.86566	0.60571	18
0.87019	0.87326	0.85811	0.76771	22
0.87234	0.87548	0.86843	0.78766	23
0.86622	0.86385	0.86843	0.55596	17
0.87057	0.87288	0.87195	0.78383	22
0.86833	0.87239	0.85509	0.69657	19
0.86789	0.87256	0.86415	0.766	20
0.87343	0.87655	0.86843	0.78626	24
0.87123	0.87501	0.87698	0.76893	22
0.86789	0.87256	0.86415	0.766	20
0.87343	0.87655	0.86843	0.78626	24
0.87343	0.87655	0.86843	0.78626	24
0.86571	0.86877	0.86214	0.77283	20
0.87123	0.87501	0.87698	0.76893	22
0.87343	0.87655	0.86843	0.78626	24
0.87343	0.87655	0.86843	0.78626	24
0.87343	0.87655	0.86843	0.78626	24
0.87343	0.87655	0.86843	0.78626	24
0.87178	0.87547	0.87119	0.77722	23
0.8731	0.87411	0.8566	0.69027	23
0.86707	0.86863	0.86591	0.68784	19
0.86723	0.86956	0.86818	0.67352	18
0.86748	0.87161	0.86164	0.76957	20
0.86504	0.8655	0.85811	0.67164	21
0.86571	0.86877	0.86214	0.77283	20
0.87343	0.87655	0.86843	0.78626	24
0.8682	0.87163	0.86013	0.77992	21
0.86912	0.87084	0.86541	0.68605	20
0.86388	0.86376	0.86767	0.75978	20
0.87343	0.87655	0.86843	0.78626	24
0.86531	0.86804	0.86063	0.76938	19
0.86839	0.87282	0.86138	0.76484	20
0.86792	0.87225	0.86063	0.77945	20
0.8682	0.87163	0.86013	0.77992	21
0.87343	0.87655	0.86843	0.78626	24
0.87056	0.87333	0.86365	0.78541	22
0.87109	0.8742	0.87925	0.66837	20
0.85291	0.8513	0.85308	0.61469	18
0.87234	0.87548	0.86843	0.78766	23
0.8727	0.87606	0.86918	0.77378	23
0.86896	0.87169	0.87094	0.77539	22
0.87343	0.87655	0.86843	0.78626	24
0.87343	0.87655	0.86843	0.78626	24
0.87343	0.87655	0.86843	0.78626	24
0.87432	0.87403	0.85836	0.69266	25
0.87343	0.87655	0.86843	0.78626	24
0.86792	0.86746	0.87346	0.56205	19
0.87343	0.87655	0.86843	0.78626	24
0.86898	0.87269	0.85585	0.77881	22
0.86475	0.86218	0.86289	0.54914	17
0.86537	0.86976	0.86667	0.75866	18
0.86707	0.86863	0.86591	0.68784	19
0.86667	0.8707	0.86138	0.77072	19
0.86923	0.87381	0.87346	0.77505	21
0.87181	0.87361	0.87119	0.78248	23
0.87008	0.87169	0.87371	0.7704	22
0.8682	0.87282	0.86491	0.77362	22
0.86673	0.87065	0.86893	0.7736	20
0.86944	0.86804	0.86365	0.67684	19
0.86947	0.86862	0.87044	0.58179	18
0.86644	0.86779	0.86138	0.6807	20
0.87341	0.87387	0.86843	0.60819	21
0.87343	0.87655	0.86843	0.78626	24
0.87343	0.87655	0.86843	0.78626	24
0.87343	0.87655	0.86843	0.78626	24
0.87343	0.87655	0.86843	0.78626	24
0.87343	0.87655	0.86843	0.78626	24
0.87343	0.87655	0.86843	0.78626	24
0.87343	0.87655	0.86843	0.78626	24
0.87343	0.87655	0.86843	0.78626	24
0.87343	0.87655	0.86843	0.78626	24
0.87343	0.87655	0.86843	0.78626	24
0.86985	0.86875	0.86767	0.58905	18
0.85178	0.84737	0.85862	0.5903	16
0.86749	0.86985	0.87673	0.76734	20
0.87343	0.87655	0.86843	0.78626	24
0.87499	0.87755	0.85484	0.6999	24
0.86924	0.87163	0.86767	0.78161	21
0.86882	0.86481	0.8556	0.51369	19
0.86077	0.86306	0.86843	0.71607	17
0.86825	0.87274	0.86717	0.7076	20
0.87343	0.87655	0.86843	0.78626	24
0.86836	0.8711	0.87648	0.77617	21
0.87016	0.86908	0.86943	0.601	19
0.87343	0.87655	0.86843	0.78626	24
0.87343	0.87655	0.86843	0.78626	24
0.87343	0.87655	0.86843	0.78626	24
0.86433	0.86389	0.86415	0.68129	19
0.86952	0.86893	0.86566	0.60571	18
0.86591	0.86925	0.86415	0.74643	21
0.87343	0.87655	0.86843	0.78626	24
0.86236	0.85964	0.85308	0.6611	17
0.85981	0.85671	0.85887	0.5491	18
0.87343	0.87655	0.86843	0.78626	24
0.86825	0.87274	0.86717	0.7076	20
0.87343	0.87655	0.86843	0.78626	24
0.8727	0.87606	0.86918	0.77378	23
0.87343	0.87655	0.86843	0.78626	24
0.86673	0.87065	0.86893	0.7736	20
0.87343	0.87655	0.86843	0.78626	24
0.87136	0.87293	0.86969	0.77938	23
0.87343	0.87655	0.86843	0.78626	24
0.87123	0.87501	0.87698	0.76893	22
0.86792	0.87225	0.86063	0.77945	20
0.86898	0.87269	0.85585	0.77881	22
0.87343	0.87655	0.86843	0.78626	24
0.86792	0.87225	0.86063	0.77945	20
0.87343	0.87655	0.86843	0.78626	24
0.87343	0.87655	0.86843	0.78626	24
0.8727	0.87606	0.86918	0.77378	23
0.87343	0.87655	0.86843	0.78626	24
0.86061	0.86038	0.85333	0.65917	18
0.87123	0.87439	0.86088	0.70547	22
0.8727	0.87606	0.86918	0.77378	23
0.87343	0.87655	0.86843	0.78626	24
0.87234	0.87548	0.86843	0.78766	23
0.86571	0.86877	0.86214	0.77283	20
0.87181	0.87361	0.87119	0.78248	23
0.87343	0.87655	0.86843	0.78626	24
0.86455	0.86517	0.87145	0.65675	18
0.86165	0.8607	0.86063	0.56224	18
0.87343	0.87655	0.86843	0.78626	24
0.87181	0.87361	0.87119	0.78248	23
0.87181	0.87361	0.87119	0.78248	23
0.86961	0.87252	0.86239	0.70571	21
0.86123	0.86312	0.86994	0.73517	17
0.87056	0.87333	0.86365	0.78541	22
0.87178	0.87547	0.87119	0.77722	23
0.86909	0.87195	0.86415	0.6835	21
0.87343	0.87655	0.86843	0.78626	24
0.8682	0.87163	0.86013	0.77992	21
0.85139	0.84305	0.85987	0.47981	15
0.87155	0.8739	0.86138	0.78402	23
0.86518	0.86907	0.86893	0.75167	18
0.87343	0.87655	0.86843	0.78626	24
0.86924	0.87163	0.86767	0.78161	21
0.87343	0.87655	0.86843	0.78626	24
0.87172	0.87562	0.87698	0.77182	22
0.87234	0.87548	0.86843	0.78766	23
0.87025	0.87244	0.87522	0.75908	21
0.87343	0.87655	0.86843	0.78626	24
0.87343	0.87655	0.86843	0.78626	24
0.86898	0.87269	0.85585	0.77881	22
0.86373	0.86661	0.85107	0.74066	20
0.87234	0.87548	0.86843	0.78766	23
0.87291	0.87635	0.87346	0.7711	23
0.86306	0.86264	0.86138	0.67057	17
0.86639	0.87131	0.8644	0.75394	18
0.86726	0.86967	0.85358	0.66046	18
0.87343	0.87655	0.86843	0.78626	24
0.86748	0.87161	0.86164	0.76957	20
0.87234	0.87548	0.86843	0.78766	23
0.87088	0.87246	0.86818	0.68483	20
0.87343	0.87655	0.86843	0.78626	24
0.86445	0.86631	0.86113	0.65022	17
0.87291	0.87635	0.87346	0.7711	23
0.87343	0.87655	0.86843	0.78626	24
0.86596	0.87089	0.86692	0.75321	19
0.87775	0.87598	0.85031	0.55666	21
0.86848	0.87286	0.86516	0.76128	20
0.87343	0.87655	0.86843	0.78626	24
0.87057	0.87288	0.87195	0.78383	22
0.87138	0.87109	0.8722	0.60661	20
0.8727	0.87606	0.86918	0.77378	23
0.87234	0.87548	0.86843	0.78766	23
0.87181	0.87361	0.87119	0.78248	23
0.87178	0.87547	0.87119	0.77722	23
0.87234	0.87548	0.86843	0.78766	23
0.87119	0.87067	0.86667	0.60561	18
0.86961	0.87252	0.86239	0.70571	21
0.87178	0.87547	0.87119	0.77722	23
0.87343	0.87655	0.86843	0.78626	24
0.8663	0.86741	0.86491	0.66713	19
0.8711	0.87431	0.86994	0.77825	23
0.87014	0.86659	0.8634	0.57635	19
0.87057	0.87288	0.87195	0.78383	22
0.87178	0.87547	0.87119	0.77722	23
0.86813	0.87109	0.87673	0.75399	20
0.86571	0.86877	0.86214	0.77283	20
0.87087	0.87583	0.86969	0.7785	22
0.86789	0.87256	0.86415	0.766	20
0.87343	0.87655	0.86843	0.78626	24
0.87343	0.87655	0.86843	0.78626	24
0.86438	0.86272	0.85937	0.55124	19
0.87056	0.87333	0.86365	0.78541	22
0.87343	0.87655	0.86843	0.78626	24
0.87343	0.87655	0.86843	0.78626	24
0.87343	0.87655	0.86843	0.78626	24
0.87343	0.87655	0.86843	0.78626	24
0.87343	0.87655	0.86843	0.78626	24
0.87343	0.87655	0.86843	0.78626	24
0.87343	0.87655	0.86843	0.78626	24
0.87343	0.87655	0.86843	0.78626	24
0.87343	0.87655	0.86843	0.78626	24
0.87343	0.87655	0.86843	0.78626	24
0.87343	0.87655	0.86843	0.78626	24
0.87343	0.87655	0.86843	0.78626	24
0.87172	0.87562	0.87698	0.77182	22
0.86365	0.86369	0.85836	0.7642	20
0.87343	0.87655	0.86843	0.78626	24
0.86707	0.86863	0.86591	0.68784	19
0.87343	0.87655	0.86843	0.78626	24
0.86667	0.8707	0.86138	0.77072	19
0.87343	0.87655	0.86843	0.78626	24
0.86985	0.86875	0.86767	0.58905	18
0.86789	0.87256	0.86415	0.766	20
0.87343	0.87655	0.86843	0.78626	24
0.87343	0.87655	0.86843	0.78626	24
0.87065	0.87183	0.86164	0.70787	22
0.86789	0.87256	0.86415	0.766	20
0.87011	0.87347	0.87597	0.76965	21
0.876	0.87325	0.87597	0.65673	22
0.86731	0.87195	0.86465	0.76554	19
0.87057	0.87288	0.87195	0.78383	22
0.87343	0.87655	0.86843	0.78626	24
0.8658	0.87071	0.87497	0.73765	20
0.8629	0.85918	0.86616	0.52493	15
0.87178	0.87547	0.87119	0.77722	23
0.86517	0.86908	0.8639	0.76325	18
0.8711	0.87431	0.86994	0.77825	23
0.87181	0.87361	0.87119	0.78248	23
0.86656	0.86627	0.86792	0.66593	17
0.87343	0.87655	0.86843	0.78626	24
0.86825	0.87274	0.86717	0.7076	20
0.87343	0.87655	0.86843	0.78626	24
0.87343	0.87655	0.86843	0.78626	24
0.86961	0.87252	0.86239	0.70571	21
0.87234	0.87548	0.86843	0.78766	23
0.86995	0.87099	0.86516	0.78021	22
0.87157	0.87593	0.87346	0.76358	22
0.87123	0.87501	0.87698	0.76893	22
0.87178	0.87547	0.87119	0.77722	23
0.86952	0.86893	0.86566	0.60571	18
0.8687	0.86747	0.86491	0.58645	19
0.86337	0.85967	0.85233	0.63614	17
0.87291	0.87635	0.87346	0.7711	23
0.87078	0.87517	0.87472	0.764	22
0.86822	0.87093	0.86314	0.75919	21
0.87343	0.87655	0.86843	0.78626	24
0.86489	0.86751	0.85711	0.68694	18
0.87343	0.87655	0.86843	0.78626	24
0.87343	0.87655	0.86843	0.78626	24
0.8727	0.87606	0.86918	0.77378	23
0.87343	0.87655	0.86843	0.78626	24
0.8696	0.87268	0.87421	0.66866	19
0.87028	0.87297	0.8644	0.77206	22
0.87056	0.87561	0.87245	0.77378	22
0.87343	0.87655	0.86843	0.78626	24
0.87343	0.87655	0.86843	0.78626	24
0.87304	0.86911	0.85308	0.54573	20
0.86673	0.87065	0.86893	0.7736	20
0.86813	0.87109	0.87673	0.75399	20
0.87343	0.87655	0.86843	0.78626	24
0.87343	0.87655	0.86843	0.78626	24
0.87237	0.87661	0.86365	0.69324	22
0.87343	0.87655	0.86843	0.78626	24
0.87037	0.87319	0.87119	0.76702	22
0.86693	0.86627	0.87019	0.66737	21
0.87343	0.87655	0.86843	0.78626	24
0.87343	0.87655	0.86843	0.78626	24
0.86083	0.86231	0.87195	0.75578	21
0.87155	0.8739	0.86138	0.78402	23
0.87343	0.87655	0.86843	0.78626	24
0.87019	0.87314	0.85434	0.7822	22
0.86754	0.87099	0.86843	0.76642	20
0.87343	0.87655	0.86843	0.78626	24
0.86571	0.86877	0.86214	0.77283	20
0.86614	0.86774	0.86088	0.70119	20
0.86789	0.87256	0.86415	0.766	20
0.87343	0.87655	0.86843	0.78626	24
0.87074	0.87424	0.85484	0.78276	23
0.86407	0.86818	0.86164	0.75881	19
0.86588	0.8646	0.86239	0.5582	17
0.87155	0.8739	0.86138	0.78402	23
0.86453	0.86184	0.86717	0.64807	20
0.87343	0.87655	0.86843	0.78626	24
0.87234	0.87548	0.86843	0.78766	23
0.87372	0.87344	0.85308	0.62137	21
0.87343	0.87655	0.86843	0.78626	24
0.87056	0.87333	0.86365	0.78541	22
0.87259	0.87216	0.8717	0.68573	22
0.87234	0.87548	0.86843	0.78766	23
0.86789	0.87256	0.86415	0.766	20
0.87234	0.87548	0.86843	0.78766	23
0.86428	0.86489	0.85862	0.67909	17
0.87343	0.87655	0.86843	0.78626	24
0.86476	0.86922	0.86692	0.75948	20
0.87343	0.87655	0.86843	0.78626	24
0.87136	0.87293	0.86969	0.77938	23
0.86924	0.87163	0.86767	0.78161	21
0.87343	0.87655	0.86843	0.78626	24
0.87057	0.87288	0.87195	0.78383	22
0.87343	0.87655	0.86843	0.78626	24
0.86912	0.87084	0.86541	0.68605	20
0.8727	0.87606	0.86918	0.77378	23
0.87343	0.87655	0.86843	0.78626	24
0.8665	0.86275	0.85761	0.56938	17
0.87291	0.87635	0.87346	0.7711	23
0.87057	0.87288	0.87195	0.78383	22
0.87343	0.87655	0.86843	0.78626	24
0.86258	0.86083	0.86566	0.64532	19
0.86924	0.87163	0.86767	0.78161	21
0.87291	0.87635	0.87346	0.7711	23
0.86929	0.87161	0.85786	0.76304	22
0.87343	0.87655	0.86843	0.78626	24
0.87343	0.87655	0.86843	0.78626	24
0.87343	0.87655	0.86843	0.78626	24
0.87343	0.87655	0.86843	0.78626	24
0.87343	0.87655	0.86843	0.78626	24
0.87343	0.87655	0.86843	0.78626	24
0.87343	0.87655	0.86843	0.78626	24
0.87343	0.87655	0.86843	0.78626	24
0.87343	0.87655	0.86843	0.78626	24
0.87343	0.87655	0.86843	0.78626	24
0.87343	0.87655	0.86843	0.78626	24
0.8687	0.86747	0.86491	0.58645	19
0.8711	0.87431	0.86994	0.77825	23
0.87343	0.87655	0.86843	0.78626	24
0.86723	0.86956	0.86818	0.67352	18
0.86947	0.87304	0.86365	0.77643	21
0.86924	0.87163	0.86767	0.78161	21
0.86881	0.87193	0.8722	0.7675	20
0.87181	0.87361	0.87119	0.78248	23
0.87155	0.8739	0.86138	0.78402	23
0.87343	0.87655	0.86843	0.78626	24
0.86839	0.87282	0.86138	0.76484	20
0.87226	0.87061	0.86541	0.60322	20
0.8682	0.87163	0.86013	0.77992	21
0.86755	0.86996	0.86415	0.7626	19
0.86737	0.86907	0.87849	0.75416	19
0.87343	0.87655	0.86843	0.78626	24
0.86222	0.8647	0.87069	0.75252	20
0.87056	0.87333	0.86365	0.78541	22
0.87343	0.87655	0.86843	0.78626	24
0.86789	0.87256	0.86415	0.766	20
0.87343	0.87655	0.86843	0.78626	24
0.87343	0.87655	0.86843	0.78626	24
0.8696	0.86612	0.85233	0.45919	16
0.87343	0.87655	0.86843	0.78626	24
0.87008	0.87619	0.86138	0.75785	21
0.87343	0.87655	0.86843	0.78626	24
0.87262	0.87604	0.87522	0.76179	22
0.86923	0.87381	0.87346	0.77505	21
0.86754	0.87099	0.86843	0.76642	20
0.87043	0.87199	0.87245	0.67582	21
0.87343	0.87655	0.86843	0.78626	24
0.87157	0.87593	0.87346	0.76358	22
0.87343	0.87655	0.86843	0.78626	24
0.87343	0.87655	0.86843	0.78626	24
0.87679	0.87368	0.87648	0.65925	23
0.87343	0.87655	0.86843	0.78626	24
0.86946	0.87238	0.86314	0.76136	20
0.86365	0.86369	0.85836	0.7642	20
0.87343	0.87655	0.86843	0.78626	24
0.87155	0.8739	0.86138	0.78402	23
0.86449	0.86244	0.85459	0.67297	17
0.86569	0.86914	0.85182	0.75067	19
0.86337	0.85967	0.85233	0.63614	17
0.86896	0.87169	0.87094	0.77539	22
0.86789	0.87256	0.86415	0.766	20
0.87087	0.87583	0.86969	0.7785	22
0.86605	0.86568	0.8644	0.56878	16
0.8727	0.87606	0.86918	0.77378	23
0.87343	0.87655	0.86843	0.78626	24
0.87343	0.87655	0.86843	0.78626	24
0.86924	0.87163	0.86767	0.78161	21
0.87253	0.86856	0.85333	0.50471	19
0.8658	0.87071	0.87497	0.73765	20
0.87056	0.87333	0.86365	0.78541	22
0.87343	0.87655	0.86843	0.78626	24
0.87343	0.87655	0.86843	0.78626	24
0.87056	0.87333	0.86365	0.78541	22
0.86545	0.87014	0.87673	0.7383	19
0.87014	0.86969	0.86742	0.6842	19
0.87343	0.87655	0.86843	0.78626	24
0.87042	0.87199	0.86365	0.70893	21
0.87343	0.87655	0.86843	0.78626	24
0.87343	0.87655	0.86843	0.78626	24
0.86656	0.86627	0.86792	0.66593	17
0.87011	0.87347	0.87597	0.76965	21
0.87343	0.87655	0.86843	0.78626	24
0.87343	0.87655	0.86843	0.78626	24
0.86896	0.87169	0.87094	0.77539	22
0.87343	0.87655	0.86843	0.78626	24
0.87343	0.87655	0.86843	0.78626	24
0.87343	0.87655	0.86843	0.78626	24
0.87291	0.87635	0.87346	0.7711	23
0.87291	0.87635	0.87346	0.7711	23
0.86433	0.86389	0.86415	0.68129	19
0.87343	0.87655	0.86843	0.78626	24
0.86458	0.86438	0.87447	0.76156	21
0.86582	0.86331	0.87195	0.58344	19
0.87161	0.87014	0.86516	0.58687	21
0.86686	0.86846	0.86063	0.65656	18
0.85892	0.86152	0.86616	0.72396	18
0.87412	0.87259	0.86994	0.69156	23
0.87028	0.87305	0.86289	0.70735	21
0.85714	0.85397	0.85057	0.62919	19
0.86898	0.87269	0.85585	0.77881	22
0.86382	0.86496	0.87723	0.73106	19
0.87343	0.87655	0.86843	0.78626	24
0.8689	0.87041	0.86465	0.7595	22
0.87056	0.87333	0.86365	0.78541	22
0.87343	0.87655	0.86843	0.78626	24
0.86777	0.87316	0.87698	0.74497	20
0.87057	0.87288	0.87195	0.78383	22
0.87343	0.87655	0.86843	0.78626	24
0.87343	0.87655	0.86843	0.78626	24
0.86517	0.87186	0.86642	0.74599	19
0.86861	0.87269	0.85736	0.77825	21
0.87477	0.87446	0.86541	0.6132	21
0.86789	0.87256	0.86415	0.766	20
0.87123	0.87501	0.87698	0.76893	22
0.86912	0.86372	0.85686	0.49502	16
0.87343	0.87655	0.86843	0.78626	24
0.8682	0.87163	0.86013	0.77992	21
0.87343	0.87655	0.86843	0.78626	24
0.87343	0.87655	0.86843	0.78626	24
0.8711	0.87431	0.86994	0.77825	23
0.87343	0.87655	0.86843	0.78626	24
0.87343	0.87655	0.86843	0.78626	24
0.87343	0.87655	0.86843	0.78626	24
0.87343	0.87655	0.86843	0.78626	24
0.87343	0.87655	0.86843	0.78626	24
0.87343	0.87655	0.86843	0.78626	24
0.87343	0.87655	0.86843	0.78626	24
0.87343	0.87655	0.86843	0.78626	24
0.87343	0.87655	0.86843	0.78626	24
0.87343	0.87655	0.86843	0.78626	24
0.87234	0.87548	0.86843	0.78766	23
0.86861	0.87269	0.85736	0.77825	21
0.86769	0.87291	0.85585	0.77341	21
0.87011	0.87347	0.87597	0.76965	21
0.87136	0.87293	0.86969	0.77938	23
0.87056	0.87561	0.87245	0.77378	22
0.86737	0.86907	0.87849	0.75416	19
0.86684	0.86987	0.86189	0.6785	20
0.87343	0.87655	0.86843	0.78626	24
0.87057	0.87288	0.87195	0.78383	22
0.86845	0.86555	0.86943	0.60731	20
0.87057	0.87288	0.87195	0.78383	22
0.87181	0.87361	0.87119	0.78248	23
0.87343	0.87655	0.86843	0.78626	24
0.86433	0.86389	0.86415	0.68129	19
0.87042	0.87199	0.86365	0.70893	21
0.86881	0.87193	0.8722	0.7675	20
0.87343	0.87655	0.86843	0.78626	24
0.87343	0.87655	0.86843	0.78626	24
0.87343	0.87655	0.86843	0.78626	24
0.87234	0.87548	0.86843	0.78766	23
0.87343	0.87655	0.86843	0.78626	24
0.87343	0.87655	0.86843	0.78626	24
0.87057	0.87288	0.87195	0.78383	22
0.85739	0.85947	0.85434	0.64696	16
0.87056	0.87333	0.86365	0.78541	22
0.8621	0.85892	0.85208	0.48183	15
0.87343	0.87655	0.86843	0.78626	24
0.87343	0.87655	0.86843	0.78626	24
0.87343	0.87655	0.86843	0.78626	24
0.86995	0.87099	0.86516	0.78021	22
0.87343	0.87655	0.86843	0.78626	24
0.87343	0.87655	0.86843	0.78626	24
0.87343	0.87655	0.86843	0.78626	24
0.87161	0.87014	0.86516	0.58687	21
0.85974	0.85706	0.86063	0.51677	13
0.87343	0.87655	0.86843	0.78626	24
0.87057	0.87288	0.87195	0.78383	22
0.87008	0.87619	0.86138	0.75785	21
0.86924	0.87163	0.86767	0.78161	21
0.86924	0.87163	0.86767	0.78161	21
0.87343	0.87655	0.86843	0.78626	24
0.87343	0.87655	0.86843	0.78626	24
0.87343	0.87655	0.86843	0.78626	24
0.87671	0.87426	0.86742	0.69483	25
0.86366	0.862	0.87044	0.64697	21
0.86645	0.8703	0.86038	0.77213	21
0.87343	0.87655	0.86843	0.78626	24
0.8762	0.87474	0.87019	0.69552	23
0.87262	0.87604	0.87522	0.76179	22
0.87504	0.87213	0.86591	0.61362	21
0.87343	0.87655	0.86843	0.78626	24
0.8682	0.87163	0.86013	0.77992	21
0.86176	0.86437	0.86717	0.7514	20
0.87343	0.87655	0.86843	0.78626	24
0.87343	0.87655	0.86843	0.78626	24
0.87291	0.87635	0.87346	0.7711	23
0.87343	0.87655	0.86843	0.78626	24
0.8727	0.87606	0.86918	0.77378	23
0.87155	0.8739	0.86138	0.78402	23
0.87343	0.87655	0.86843	0.78626	24
0.86083	0.86104	0.85434	0.6304	15
0.87343	0.87655	0.86843	0.78626	24
0.87056	0.87333	0.86365	0.78541	22
0.87011	0.87347	0.87597	0.76965	21
0.87343	0.87655	0.86843	0.78626	24
0.87343	0.87655	0.86843	0.78626	24
0.87056	0.87333	0.86365	0.78541	22
0.86669	0.86467	0.8561	0.57149	20
0.87343	0.87655	0.86843	0.78626	24
0.86545	0.86944	0.85283	0.77457	21
0.85393	0.85115	0.85384	0.51933	16
0.86789	0.87256	0.86415	0.766	20
0.87343	0.87655	0.86843	0.78626	24
0.86665	0.86885	0.86164	0.658	20
0.86898	0.87269	0.85585	0.77881	22
0.87343	0.87655	0.86843	0.78626	24
0.87343	0.87655	0.86843	0.78626	24
0.86777	0.87316	0.87698	0.74497	20
0.87343	0.87655	0.86843	0.78626	24
0.86991	0.8731	0.87597	0.76387	21
0.87343	0.87655	0.86843	0.78626	24
0.86532	0.86443	0.86013	0.66779	20
0.86724	0.87042	0.86943	0.76868	22
0.87006	0.87328	0.87094	0.76662	21
0.86923	0.87381	0.87346	0.77505	21
0.87343	0.87655	0.86843	0.78626	24
0.86267	0.86451	0.85836	0.66514	19
0.87169	0.87607	0.87472	0.76203	21
0.86583	0.86864	0.87245	0.76937	20
0.86879	0.87383	0.87497	0.75902	21
0.87181	0.87361	0.87119	0.78248	23
0.87023	0.87438	0.87069	0.75905	20
0.87343	0.87655	0.86843	0.78626	24
0.86194	0.86515	0.85057	0.64885	16
0.87291	0.87635	0.87346	0.7711	23
0.86913	0.87316	0.87421	0.76975	21
0.87291	0.87635	0.87346	0.7711	23
0.87155	0.8739	0.86138	0.78402	23
0.87343	0.87655	0.86843	0.78626	24
0.86545	0.86944	0.85283	0.77457	21
0.87343	0.87655	0.86843	0.78626	24
0.86647	0.87094	0.87421	0.7591	19
0.87343	0.87655	0.86843	0.78626	24
0.86723	0.86956	0.86818	0.67352	18
0.86084	0.85751	0.85711	0.533	16
0.86729	0.87431	0.85937	0.75757	20
0.87343	0.87655	0.86843	0.78626	24
0.87343	0.87655	0.86843	0.78626	24
0.87343	0.87655	0.86843	0.78626	24
0.87343	0.87655	0.86843	0.78626	24
0.87343	0.87655	0.86843	0.78626	24
0.87343	0.87655	0.86843	0.78626	24
0.87343	0.87655	0.86843	0.78626	24
0.87343	0.87655	0.86843	0.78626	24
0.87343	0.87655	0.86843	0.78626	24
0.87343	0.87655	0.86843	0.78626	24
0.87172	0.87562	0.87698	0.77182	22
0.87178	0.87341	0.87472	0.68474	21
0.87343	0.87655	0.86843	0.78626	24
0.87343	0.87655	0.86843	0.78626	24
0.86995	0.87099	0.86516	0.78021	22
0.87343	0.87655	0.86843	0.78626	24
0.86872	0.86223	0.86289	0.56546	19
0.87343	0.87655	0.86843	0.78626	24
0.87343	0.87655	0.86843	0.78626	24
0.87181	0.87361	0.87119	0.78248	23
0.86097	0.8616	0.87044	0.74832	19
0.8627	0.86108	0.85082	0.483	16
0.87123	0.87501	0.87698	0.76893	22
0.86651	0.86966	0.87069	0.75386	21
0.86924	0.87163	0.86767	0.78161	21
0.87155	0.8739	0.86138	0.78402	23
0.87011	0.87347	0.87597	0.76965	21
0.87234	0.87548	0.86843	0.78766	23
0.87343	0.87655	0.86843	0.78626	24
0.87181	0.87361	0.87119	0.78248	23
0.87169	0.87607	0.87472	0.76203	21
0.87343	0.87655	0.86843	0.78626	24
0.87343	0.87655	0.86843	0.78626	24
0.86603	0.86565	0.86943	0.65316	20
0.85974	0.86177	0.86516	0.7152	16
0.87042	0.87199	0.86365	0.70893	21
0.87056	0.87561	0.87245	0.77378	22
0.87343	0.87655	0.86843	0.78626	24
0.87343	0.87655	0.86843	0.78626	24
0.87234	0.87548	0.86843	0.78766	23
0.87343	0.87655	0.86843	0.78626	24
0.87343	0.87655	0.86843	0.78626	24
0.86673	0.87065	0.86893	0.7736	20
0.87325	0.87229	0.86717	0.60054	19
0.87343	0.87655	0.86843	0.78626	24
0.87504	0.87213	0.86591	0.61362	21
0.87011	0.87347	0.87597	0.76965	21
0.86171	0.86425	0.8727	0.74999	19
0.87343	0.87655	0.86843	0.78626	24
0.86651	0.86966	0.87069	0.75386	21
0.87011	0.87347	0.87597	0.76965	21
0.86775	0.87036	0.86214	0.75869	20
0.86303	0.86498	0.85082	0.73279	16
0.87343	0.87655	0.86843	0.78626	24
0.87343	0.87655	0.86843	0.78626	24
0.86433	0.86389	0.86415	0.68129	19
0.87234	0.87548	0.86843	0.78766	23
0.87656	0.87747	0.85912	0.69892	27
0.86867	0.86571	0.86113	0.61824	19
0.87343	0.87655	0.86843	0.78626	24
0.87343	0.87655	0.86843	0.78626	24
0.87343	0.87655	0.86843	0.78626	24
0.86991	0.8731	0.87597	0.76387	21
0.85745	0.85405	0.85509	0.5493	18
0.86266	0.85922	0.85434	0.53777	15
0.87343	0.87655	0.86843	0.78626	24
0.86263	0.86614	0.86591	0.74574	17
0.86013	0.85417	0.86591	0.62493	17
0.87343	0.87655	0.86843	0.78626	24
0.87123	0.87501	0.87698	0.76893	22
0.86557	0.87168	0.87472	0.73336	19
0.87343	0.87655	0.86843	0.78626	24
0.87056	0.87333	0.86365	0.78541	22
0.86737	0.86907	0.87849	0.75416	19
0.87343	0.87655	0.86843	0.78626	24
0.87343	0.87655	0.86843	0.78626	24
0.86619	0.86806	0.86667	0.74049	19
0.87181	0.87361	0.87119	0.78248	23
0.86794	0.8709	0.8717	0.74809	20
0.87343	0.87655	0.86843	0.78626	24
0.87343	0.87655	0.86843	0.78626	24
0.87343	0.87655	0.86843	0.78626	24
0.87057	0.87288	0.87195	0.78383	22
0.872	0.8745	0.8717	0.68542	22
0.87343	0.87655	0.86843	0.78626	24
0.87181	0.87361	0.87119	0.78248	23
0.87465	0.87401	0.87019	0.68776	22
0.87006	0.87328	0.87094	0.76662	21
0.86692	0.86472	0.86013	0.58222	18
0.86359	0.86716	0.85157	0.73294	17
0.87343	0.87655	0.86843	0.78626	24
0.86687	0.874	0.85761	0.75422	19
0.86913	0.87316	0.87421	0.76975	21
0.87155	0.8739	0.86138	0.78402	23
0.86653	0.86973	0.86113	0.76129	19
0.8682	0.87163	0.86013	0.77992	21
0.87343	0.87655	0.86843	0.78626	24
0.86923	0.87381	0.87346	0.77505	21
0.86924	0.87163	0.86767	0.78161	21
0.87343	0.87655	0.86843	0.78626	24
0.86712	0.8717	0.86314	0.7457	21
0.86841	0.87338	0.86063	0.77436	22
0.87343	0.87655	0.86843	0.78626	24
0.87203	0.87221	0.86189	0.71124	21
0.86153	0.85876	0.85811	0.63076	15
0.8727	0.87606	0.86918	0.77378	23
0.85897	0.85569	0.86314	0.5654	18
0.86777	0.87316	0.87698	0.74497	20
0.87181	0.87361	0.87119	0.78248	23
0.87169	0.87607	0.87472	0.76203	21
0.87343	0.87655	0.86843	0.78626	24
0.87343	0.87655	0.86843	0.78626	24
0.86614	0.86809	0.86365	0.66172	18
0.86194	0.86515	0.85057	0.64885	16
0.87023	0.87438	0.87069	0.75905	20
0.87343	0.87655	0.86843	0.78626	24
0.87343	0.87655	0.86843	0.78626	24
0.87343	0.87655	0.86843	0.78626	24
0.87343	0.87655	0.86843	0.78626	24
0.87343	0.87655	0.86843	0.78626	24
0.87343	0.87655	0.86843	0.78626	24
0.87343	0.87655	0.86843	0.78626	24
0.87343	0.87655	0.86843	0.78626	24
0.87343	0.87655	0.86843	0.78626	24
0.87343	0.87655	0.86843	0.78626	24
0.87343	0.87655	0.86843	0.78626	24
0.87343	0.87655	0.86843	0.78626	24
0.87343	0.87655	0.86843	0.78626	24
0.87343	0.87655	0.86843	0.78626	24
0.87343	0.87655	0.86843	0.78626	24
0.86772	0.87063	0.87799	0.76156	20
0.87343	0.87655	0.86843	0.78626	24
0.87234	0.87548	0.86843	0.78766	23
0.86765	0.86948	0.85761	0.76524	22
0.86989	0.86974	0.87497	0.68381	21
0.87343	0.87655	0.86843	0.78626	24
0.87123	0.87501	0.87698	0.76893	22
0.87112	0.87561	0.86767	0.76883	22
0.86724	0.86985	0.85132	0.70425	20
0.86737	0.86907	0.87849	0.75416	19
0.86478	0.86492	0.86189	0.56868	17
0.87343	0.87655	0.86843	0.78626	24
0.87504	0.87213	0.86591	0.61362	21
0.87343	0.87655	0.86843	0.78626	24
0.87343	0.87655	0.86843	0.78626	24
0.87171	0.87531	0.87019	0.77467	22
0.86532	0.86334	0.86792	0.558	17
0.86149	0.86651	0.85157	0.74083	19
0.87234	0.87548	0.86843	0.78766	23
0.86673	0.87065	0.86893	0.7736	20
0.86651	0.86966	0.87069	0.75386	21
0.8727	0.87606	0.86918	0.77378	23
0.87087	0.87583	0.86969	0.7785	22
0.87181	0.87361	0.87119	0.78248	23
0.87343	0.87655	0.86843	0.78626	24
0.87343	0.87655	0.86843	0.78626	24
0.87343	0.87655	0.86843	0.78626	24
0.87343	0.87655	0.86843	0.78626	24
0.87155	0.8739	0.86138	0.78402	23
0.87343	0.87655	0.86843	0.78626	24
0.86898	0.87269	0.85585	0.77881	22
0.86035	0.8618	0.87371	0.74404	18
0.87343	0.87655	0.86843	0.78626	24
0.866	0.86986	0.86465	0.76044	21
0.87234	0.87548	0.86843	0.78766	23
0.87057	0.87288	0.87195	0.78383	22
0.87343	0.87655	0.86843	0.78626	24
0.86879	0.87383	0.87497	0.75902	21
0.87087	0.87583	0.86969	0.7785	22
0.867	0.86787	0.85384	0.78225	21
0.87343	0.87655	0.86843	0.78626	24
0.87343	0.87655	0.86843	0.78626	24
0.87129	0.87252	0.86566	0.67926	23
0.87343	0.87655	0.86843	0.78626	24
0.87057	0.87288	0.87195	0.78383	22
0.87343	0.87655	0.86843	0.78626	24
0.86659	0.86596	0.86969	0.66792	21
0.86968	0.87437	0.8644	0.69163	20
0.86913	0.87316	0.87421	0.76975	21
0.87169	0.87607	0.87472	0.76203	21
0.87181	0.87361	0.87119	0.78248	23
0.86414	0.86252	0.85283	0.63496	18
0.86924	0.87163	0.86767	0.78161	21
0.8707	0.86839	0.86214	0.57798	17
0.87343	0.87655	0.86843	0.78626	24
0.86816	0.87022	0.86314	0.67503	18
0.86171	0.86425	0.8727	0.74999	19
0.86971	0.87301	0.86541	0.6829	19
0.87172	0.87562	0.87698	0.77182	22
0.87022	0.87294	0.8722	0.78019	22
0.87343	0.87655	0.86843	0.78626	24
0.86924	0.87163	0.86767	0.78161	21
0.87343	0.87655	0.86843	0.78626	24
0.87343	0.87655	0.86843	0.78626	24
0.87343	0.87655	0.86843	0.78626	24
0.87343	0.87655	0.86843	0.78626	24
0.86748	0.87161	0.86164	0.76957	20
0.87343	0.87655	0.86843	0.78626	24
0.87181	0.87361	0.87119	0.78248	23
0.87343	0.87655	0.86843	0.78626	24
0.87343	0.87655	0.86843	0.78626	24
0.87343	0.87655	0.86843	0.78626	24
0.87291	0.87635	0.87346	0.7711	23
0.85415	0.85266	0.8634	0.7179	15
0.87026	0.86959	0.85409	0.69253	21
0.87123	0.87501	0.87698	0.76893	22
0.87011	0.87347	0.87597	0.76965	21
0.86995	0.87099	0.86516	0.78021	22
0.87208	0.87255	0.87899	0.67289	20
0.87343	0.87655	0.86843	0.78626	24
0.87123	0.87501	0.87698	0.76893	22
0.86686	0.87041	0.85711	0.74086	19
0.86625	0.8659	0.85987	0.54757	18
0.87343	0.87655	0.86843	0.78626	24
0.87343	0.87655	0.86843	0.78626	24
0.87343	0.87655	0.86843	0.78626	24
0.87343	0.87655	0.86843	0.78626	24
0.86898	0.87269	0.85585	0.77881	22
0.87178	0.87446	0.86465	0.78593	24
0.86923	0.86606	0.85686	0.58586	18
0.87011	0.87347	0.87597	0.76965	21
0.87343	0.87655	0.86843	0.78626	24
0.86475	0.86801	0.85308	0.76932	20
0.87343	0.87655	0.86843	0.78626	24
0.87085	0.87362	0.85006	0.677	20
0.87343	0.87655	0.86843	0.78626	24
0.86534	0.86581	0.85937	0.64001	17
0.86803	0.86563	0.85761	0.57513	17
0.87343	0.87655	0.86843	0.78626	24
0.8705	0.87238	0.87522	0.76717	21
0.87136	0.87293	0.86969	0.77938	23
0.87136	0.87453	0.86943	0.67591	21
0.85959	0.8604	0.87094	0.64768	18
0.87023	0.87237	0.86264	0.69053	20
0.86896	0.87169	0.87094	0.77539	22
0.87022	0.87294	0.8722	0.78019	22
0.87061	0.87501	0.87572	0.76162	21
0.86701	0.86832	0.87321	0.62972	18
0.86298	0.86281	0.86314	0.65954	17
0.86551	0.8711	0.86415	0.75244	18
0.87181	0.87361	0.87119	0.78248	23
0.87343	0.87655	0.86843	0.78626	24
0.87343	0.87655	0.86843	0.78626	24
0.87343	0.87655	0.86843	0.78626	24
0.87343	0.87655	0.86843	0.78626	24
0.87343	0.87655	0.86843	0.78626	24
0.87343	0.87655	0.86843	0.78626	24
0.87343	0.87655	0.86843	0.78626	24
0.87343	0.87655	0.86843	0.78626	24
0.87343	0.87655	0.86843	0.78626	24
0.87343	0.87655	0.86843	0.78626	24
0.86772	0.87063	0.87799	0.76156	20
0.87343	0.87655	0.86843	0.78626	24
0.87343	0.87655	0.86843	0.78626	24
0.8685	0.86514	0.86415	0.57284	18
0.86672	0.8715	0.87421	0.75656	20
0.87057	0.87288	0.87195	0.78383	22
0.87047	0.86899	0.85434	0.60409	20
0.87343	0.87655	0.86843	0.78626	24
0.87123	0.87501	0.87698	0.76893	22
0.87123	0.87501	0.87698	0.76893	22
0.87085	0.87362	0.85006	0.677	20
0.87343	0.87655	0.86843	0.78626	24
0.87343	0.87655	0.86843	0.78626	24
0.87343	0.87655	0.86843	0.78626	24
0.87343	0.87655	0.86843	0.78626	24
0.87343	0.87655	0.86843	0.78626	24
0.87343	0.87655	0.86843	0.78626	24
0.87343	0.87655	0.86843	0.78626	24
0.87343	0.87655	0.86843	0.78626	24
0.87343	0.87655	0.86843	0.78626	24
0.87022	0.87294	0.8722	0.78019	22
0.8658	0.86482	0.86038	0.63799	17
0.86514	0.86797	0.86591	0.74755	18
0.87257	0.87154	0.86843	0.69562	22
0.86805	0.87326	0.86365	0.75442	20
0.87184	0.87424	0.8639	0.70056	22
0.87343	0.87655	0.86843	0.78626	24
0.87181	0.87361	0.87119	0.78248	23
0.86816	0.87022	0.86314	0.67503	18
0.86247	0.86607	0.87925	0.73732	18
0.87181	0.87361	0.87119	0.78248	23
0.8663	0.86943	0.85585	0.74491	20
0.87171	0.87531	0.87019	0.77467	22
0.86952	0.87315	0.86138	0.76967	20
0.87343	0.87655	0.86843	0.78626	24
0.85479	0.85145	0.85157	0.60543	14
0.87178	0.87547	0.87119	0.77722	23
0.87234	0.87548	0.86843	0.78766	23
0.86377	0.86204	0.86088	0.58732	18
0.87155	0.8739	0.86138	0.78402	23
0.87172	0.87562	0.87698	0.77182	22
0.87343	0.87655	0.86843	0.78626	24
0.866	0.86905	0.86465	0.7573	19
0.86493	0.86908	0.86742	0.74993	18
0.87343	0.87655	0.86843	0.78626	24
0.87343	0.87655	0.86843	0.78626	24
0.87343	0.87655	0.86843	0.78626	24
0.87343	0.87655	0.86843	0.78626	24
0.87343	0.87655	0.86843	0.78626	24
0.87057	0.87288	0.87195	0.78383	22
0.87211	0.87033	0.8644	0.53716	18
0.86263	0.86614	0.86591	0.74574	17
0.86896	0.87169	0.87094	0.77539	22
0.87195	0.86856	0.86113	0.59652	21
0.87343	0.87655	0.86843	0.78626	24
0.86748	0.87161	0.86164	0.76957	20
0.87343	0.87655	0.86843	0.78626	24
0.87039	0.87163	0.86616	0.76686	22
0.87057	0.87288	0.87195	0.78383	22
0.86679	0.87195	0.85937	0.75817	21
0.87123	0.87501	0.87698	0.76893	22
0.86701	0.86832	0.87321	0.62972	18
0.87343	0.87655	0.86843	0.78626	24
0.87123	0.87501	0.87698	0.76893	22
0.86624	0.87017	0.86289	0.76559	21
0.87343	0.87655	0.86843	0.78626	24
0.87164	0.87306	0.86918	0.67517	20
0.86419	0.8639	0.85987	0.68375	19
0.87057	0.87288	0.87195	0.78383	22
0.86789	0.86601	0.85434	0.48613	16
0.87008	0.86818	0.86692	0.59423	19
0.87343	0.87655	0.86843	0.78626	24
0.87011	0.87347	0.87597	0.76965	21
0.86741	0.86166	0.86138	0.58472	20
0.86633	0.86834	0.86289	0.68536	19
0.86749	0.86985	0.87673	0.76734	20
0.87061	0.87501	0.87572	0.76162	21
0.87267	0.86961	0.86868	0.60319	19
0.87039	0.87427	0.87421	0.76194	22
0.86983	0.87129	0.86717	0.67344	22
0.87343	0.87655	0.86843	0.78626	24
0.8727	0.87606	0.86918	0.77378	23
0.86149	0.86651	0.85157	0.74083	19
0.86613	0.87108	0.8717	0.75316	19
0.86484	0.86007	0.8566	0.58204	18
0.86924	0.87163	0.86767	0.78161	21
0.86749	0.86872	0.86767	0.67884	18
0.87343	0.87655	0.86843	0.78626	24
0.87181	0.87361	0.87119	0.78248	23
0.86631	0.86968	0.87145	0.67232	19
0.87343	0.87655	0.86843	0.78626	24
0.87343	0.87655	0.86843	0.78626	24
0.86303	0.86498	0.85082	0.73279	16
0.86991	0.8731	0.87597	0.76387	21
0.86399	0.86848	0.86516	0.73042	20
0.87022	0.87294	0.8722	0.78019	22
0.87343	0.87655	0.86843	0.78626	24
0.86836	0.8711	0.87648	0.77617	21
0.86768	0.87193	0.86465	0.69627	19
0.86704	0.86989	0.85585	0.77559	20
0.85861	0.86227	0.85459	0.62666	15
0.86746	0.86603	0.87069	0.6678	21
0.87155	0.8739	0.86138	0.78402	23
0.87161	0.87094	0.8639	0.67113	23
0.87343	0.87655	0.86843	0.78626	24
0.87234	0.87548	0.86843	0.78766	23
0.87343	0.87655	0.86843	0.78626	24
0.87343	0.87655	0.86843	0.78626	24
0.87234	0.87548	0.86843	0.78766	23
0.87343	0.87655	0.86843	0.78626	24
0.8696	0.87326	0.87245	0.76309	21
0.87181	0.87361	0.87119	0.78248	23
0.87056	0.87333	0.86365	0.78541	22
0.86159	0.86373	0.85509	0.72582	19
x=1	0.87343	0.87217	0.86843	0.78626	-0.85308	24
2	0.87343	0.87217	0.86843	0.78626	-0.85308	24
3	0.87343	0.87217	0.86843	0.78626	-0.85308	24
4	0.87343	0.87217	0.86843	0.78626	-0.85308	24
5	0.87343	0.87217	0.86843	0.78626	-0.85308	24
6	0.87343	0.87217	0.86843	0.78626	-0.85308	24
7	0.87343	0.87217	0.86843	0.78626	-0.85308	24
8	0.87343	0.87217	0.86843	0.78626	-0.85308	24
9	0.87343	0.87217	0.86843	0.78626	-0.85308	24
10	0.87343	0.87217	0.86843	0.78626	-0.85308	24
11	0.86772	0.86658	0.87799	0.76156	-0.84251	20
13	0.87343	0.87217	0.86843	0.78626	-0.85308	24
15	0.87343	0.87217	0.86843	0.78626	-0.85308	24
16	0.8685	0.86281	0.86415	0.57284	-0.79141	18
19	0.86672	0.86566	0.87421	0.75656	-0.84192	20
21	0.87057	0.86947	0.87195	0.78383	-0.84973	22
22	0.87047	0.86526	0.85434	0.60409	-0.80207	20
23	0.87343	0.87217	0.86843	0.78626	-0.85308	24
24	0.87123	0.87076	0.87698	0.76893	-0.84762	22
25	0.87123	0.87076	0.87698	0.76893	-0.84762	22
28	0.87085	0.86853	0.85006	0.677	-0.82369	20
29	0.87343	0.87217	0.86843	0.78626	-0.85308	24
31	0.87343	0.87217	0.86843	0.78626	-0.85308	24
33	0.87343	0.87217	0.86843	0.78626	-0.85308	24
34	0.87343	0.87217	0.86843	0.78626	-0.85308	24
35	0.87343	0.87217	0.86843	0.78626	-0.85308	24
36	0.87343	0.87217	0.86843	0.78626	-0.85308	24
37	0.87343	0.87217	0.86843	0.78626	-0.85308	24
38	0.87343	0.87217	0.86843	0.78626	-0.85308	24
39	0.87343	0.87217	0.86843	0.78626	-0.85308	24
40	0.87022	0.86901	0.8722	0.78019	-0.84887	22
41	0.8658	0.86143	0.86038	0.63799	-0.8074	17
42	0.86514	0.86445	0.86591	0.74755	-0.83703	18
43	0.87257	0.86858	0.86843	0.69562	-0.82676	22
44	0.86805	0.86731	0.86365	0.75442	-0.8427	20
45	0.87184	0.87016	0.8639	0.70056	-0.83002	22
46	0.87343	0.87217	0.86843	0.78626	-0.85308	24
47	0.87181	0.87057	0.87119	0.78248	-0.84994	23
48	0.86816	0.8665	0.86314	0.67503	-0.82066	18
49	0.86247	0.86114	0.87925	0.73732	-0.83306	18
50	0.87181	0.87057	0.87119	0.78248	-0.84994	23
51	0.8663	0.86523	0.85585	0.74491	-0.83746	20
52	0.87166	0.86435	0.83925	0.51349	-0.77958	20
53	0.87171	0.87042	0.87019	0.77467	-0.84928	22
54	0.86952	0.8683	0.86138	0.76967	-0.84642	20
55	0.87343	0.87217	0.86843	0.78626	-0.85308	24
56	0.85479	0.85054	0.85157	0.60543	-0.78927	14
57	0.87178	0.87068	0.87119	0.77722	-0.85002	23
58	0.87234	0.87129	0.86843	0.78766	-0.85263	23
60	0.86377	0.85871	0.86088	0.58732	-0.79269	18
61	0.87155	0.8705	0.86138	0.78402	-0.85054	23
62	0.87172	0.8707	0.87698	0.77182	-0.8488	22
63	0.87343	0.87217	0.86843	0.78626	-0.85308	24
65	0.866	0.86493	0.86465	0.7573	-0.84027	19
66	0.85891	0.85795	0.8483	0.71929	-0.82443	17
67	0.86493	0.86396	0.86742	0.74993	-0.83846	18
68	0.87343	0.87217	0.86843	0.78626	-0.85308	24
69	0.87343	0.87217	0.86843	0.78626	-0.85308	24
70	0.87343	0.87217	0.86843	0.78626	-0.85308	24
71	0.87343	0.87217	0.86843	0.78626	-0.85308	24
72	0.87343	0.87217	0.86843	0.78626	-0.85308	24
73	0.87057	0.86947	0.87195	0.78383	-0.84973	22
74	0.87211	0.86669	0.8644	0.53716	-0.78642	18
75	0.86263	0.86176	0.86591	0.74574	-0.83521	17
77	0.86896	0.86746	0.87094	0.77539	-0.84674	22
78	0.87195	0.86682	0.86113	0.59652	-0.79986	21
79	0.87343	0.87217	0.86843	0.78626	-0.85308	24
80	0.86748	0.86655	0.86164	0.76957	-0.84524	20
83	0.87343	0.87217	0.86843	0.78626	-0.85308	24
84	0.87039	0.86901	0.86616	0.76686	-0.84457	22
85	0.87057	0.86947	0.87195	0.78383	-0.84973	22
86	0.86679	0.86576	0.85937	0.75817	-0.84265	21
87	0.86828	0.86058	0.84126	0.46458	-0.76413	16
88	0.87123	0.87076	0.87698	0.76893	-0.84762	22
89	0.86701	0.8628	0.87321	0.62972	-0.80795	18
90	0.87343	0.87217	0.86843	0.78626	-0.85308	24
91	0.87123	0.87076	0.87698	0.76893	-0.84762	22
92	0.86624	0.86473	0.86289	0.76559	-0.84316	21
93	0.84998	0.84555	0.83748	0.58898	-0.78284	12
94	0.87343	0.87217	0.86843	0.78626	-0.85308	24
95	0.87164	0.86808	0.86918	0.67517	-0.82282	20
96	0.86419	0.86213	0.85987	0.68375	-0.81809	19
97	0.87366	0.86876	0.83044	0.62573	-0.81014	21
99	0.87057	0.86947	0.87195	0.78383	-0.84973	22
100	0.86241	0.85539	0.83346	0.48681	-0.76537	19
101	0.86754	0.86622	0.83673	0.75882	-0.8421	21
102	0.86789	0.86148	0.85434	0.48613	-0.77048	16
103	0.87008	0.8652	0.86692	0.59423	-0.79901	19
104	0.87343	0.87217	0.86843	0.78626	-0.85308	24
105	0.86458	0.86277	0.83698	0.67251	-0.81781	20
106	0.85379	0.85181	0.83899	0.69913	-0.81512	20
108	0.87011	0.86943	0.87597	0.76965	-0.84665	21
109	0.86741	0.86221	0.86138	0.58472	-0.79175	20
110	0.86633	0.86387	0.86289	0.68536	-0.82183	19
111	0.86749	0.86625	0.87673	0.76734	-0.84336	20
112	0.86489	0.8577	0.83346	0.50381	-0.77245	16
113	0.87061	0.86947	0.87572	0.76162	-0.8458	21
114	0.87267	0.86779	0.86868	0.60319	-0.80232	19
115	0.87039	0.86937	0.87421	0.76194	-0.84532	22
116	0.86983	0.86625	0.86717	0.67344	-0.82105	22
118	0.87343	0.87217	0.86843	0.78626	-0.85308	24
121	0.8727	0.87225	0.86918	0.77378	-0.84961	23
122	0.86149	0.86084	0.85157	0.74083	-0.83426	19
124	0.86309	0.85637	0.83371	0.52359	-0.77222	15
126	0.86613	0.86549	0.8717	0.75316	-0.84076	19
128	0.86484	0.85981	0.8566	0.58204	-0.7899	18
129	0.86924	0.86822	0.86767	0.78161	-0.84825	21
130	0.86197	0.85995	0.83698	0.61791	-0.79983	17
131	0.85967	0.85472	0.84201	0.63316	-0.79954	18
132	0.86749	0.86554	0.86767	0.67884	-0.82049	18
133	0.87343	0.87217	0.86843	0.78626	-0.85308	24
135	0.87181	0.87057	0.87119	0.78248	-0.84994	23
136	0.86631	0.86383	0.87145	0.67232	-0.81958	19
137	0.87343	0.87217	0.86843	0.78626	-0.85308	24
139	0.87343	0.87217	0.86843	0.78626	-0.85308	24
140	0.86303	0.86163	0.85082	0.73279	-0.83112	16
141	0.86991	0.86839	0.87597	0.76387	-0.84493	21
142	0.86399	0.86269	0.86516	0.73042	-0.83315	20
145	0.87022	0.86901	0.8722	0.78019	-0.84887	22
146	0.87343	0.87217	0.86843	0.78626	-0.85308	24
147	0.86836	0.86695	0.87648	0.77617	-0.84649	21
148	0.85953	0.85201	0.83245	0.49165	-0.76319	14
150	0.86768	0.86554	0.86465	0.69627	-0.82724	19
151	0.86704	0.86624	0.85585	0.77559	-0.84545	20
153	0.85861	0.85629	0.85459	0.62666	-0.80267	15
154	0.866	0.85964	0.84	0.53437	-0.77826	18
156	0.86746	0.86306	0.87069	0.6678	-0.81571	21
157	0.87155	0.8705	0.86138	0.78402	-0.85054	23
158	0.87161	0.86797	0.8639	0.67113	-0.82021	23
160	0.87343	0.87217	0.86843	0.78626	-0.85308	24
161	0.85818	0.85254	0.83748	0.56153	-0.78096	15
162	0.87234	0.87129	0.86843	0.78766	-0.85263	23
163	0.87343	0.87217	0.86843	0.78626	-0.85308	24
164	0.87343	0.87217	0.86843	0.78626	-0.85308	24
165	0.87234	0.87129	0.86843	0.78766	-0.85263	23
166	0.87343	0.87217	0.86843	0.78626	-0.85308	24
167	0.8696	0.86884	0.87245	0.76309	-0.84486	21
169	0.87181	0.87057	0.87119	0.78248	-0.84994	23
170	0.87056	0.86944	0.86365	0.78541	-0.85046	22
171	0.86159	0.86084	0.85509	0.72582	-0.82844	19
172	0.86134	0.85888	0.83899	0.65387	-0.81196	15
\\10.92.10.11\wangderen\stroke\PyRadiomics\WCHSCU\Count16Width8WaveletWidth8Level2\coif3.csv	1	0.45	0.05	0.8
------------------------------------------------------------

x=1	0.87443	0.87352	0.81308	0.78971	-0.85399	26
150	0.86779	0.86263	0.83497	0.63149	-0.80717	22
\\10.92.10.11\wangderen\stroke\PyRadiomics\WCHSCU\Count16Width8WaveletWidth8Level2\coif4.csv	1	0.45	0.05	0.8
------------------------------------------------------------

x=1	0.90928	0.9068	0.77434	0.76281	-0.87098	42
\\10.92.10.11\wangderen\stroke\PyRadiomics\WCHSCU\Count16Width8WaveletWidth8Level2\coif5.csv	1	0.45	0.05	0.8
------------------------------------------------------------

x=1	0.87105	0.86974	0.79145	0.81744	-0.8585	27
\\10.92.10.11\wangderen\stroke\PyRadiomics\WCHSCU\Count16Width8WaveletWidth8Level2\db2.csv	1	0.45	0.05	0.8
------------------------------------------------------------

0.86397	0.86452	0.85132	0.75603	30
x=1	0.88945	0.88842	0.80604	0.86685	-0.88436	45
30	0.87418	0.87338	0.83447	0.79671	-0.85707	32
36	0.87026	0.86704	0.83195	0.6957	-0.82563	31
\\10.92.10.11\wangderen\stroke\PyRadiomics\WCHSCU\Count16Width8WaveletWidth8Level2\db3.csv	1	0.45	0.05	0.8
------------------------------------------------------------

x=1	0.89337	0.89228	0.7766	0.87561	-0.89012	40
\\10.92.10.11\wangderen\stroke\PyRadiomics\WCHSCU\Count16Width8WaveletWidth8Level2\db4.csv	1	0.45	0.05	0.8
------------------------------------------------------------

x=1	0.87908	0.87792	0.79799	0.80326	-0.86232	26
\\10.92.10.11\wangderen\stroke\PyRadiomics\WCHSCU\Count16Width8WaveletWidth8Level2\db5.csv	1	0.45	0.05	0.8
------------------------------------------------------------

x=1	0.8636	0.86315	0.81107	0.7978	-0.84775	24
76	0.85544	0.84939	0.83346	0.51503	-0.76463	14
112	0.86287	0.85847	0.83497	0.61605	-0.79822	17
\\10.92.10.11\wangderen\stroke\PyRadiomics\WCHSCU\Count16Width8WaveletWidth8Level2\db6.csv	1	0.45	0.05	0.8
------------------------------------------------------------

x=1	0.89245	0.88805	0.79195	0.69514	-0.84127	31
\\10.92.10.11\wangderen\stroke\PyRadiomics\WCHSCU\Count16Width8WaveletWidth8Level2\db7.csv	1	0.45	0.05	0.8
------------------------------------------------------------

x=1	0.89941	0.89639	0.7761	0.75912	-0.86292	38
\\10.92.10.11\wangderen\stroke\PyRadiomics\WCHSCU\Count16Width8WaveletWidth8Level2\db8.csv	1	0.45	0.05	0.8
------------------------------------------------------------

x=1	0.89851	0.89735	0.80553	0.88553	-0.89644	42
\\10.92.10.11\wangderen\stroke\PyRadiomics\WCHSCU\Count16Width8WaveletWidth8Level2\db9.csv	1	0.45	0.05	0.8
------------------------------------------------------------

x=1	0.8801	0.87939	0.79019	0.78227	-0.85926	29
\\10.92.10.11\wangderen\stroke\PyRadiomics\WCHSCU\Count16Width8WaveletWidth8Level2\dmey.csv	1	0.45	0.05	0.8
------------------------------------------------------------

0.85649	0.85525	0.8556	0.65551	20
x=1	0.867	0.8656	0.81862	0.80399	-0.85272	26
15	0.86656	0.86219	0.83245	0.70196	-0.82385	22
24	0.86607	0.86145	0.8322	0.69293	-0.82098	22
46	0.86129	0.85644	0.83849	0.68199	-0.81411	21
97	0.86163	0.85511	0.83245	0.59087	-0.79149	20
106	0.85612	0.85145	0.83321	0.6482	-0.8029	17
112	0.86162	0.85646	0.83623	0.62315	-0.80056	21
113	0.8608	0.85688	0.84981	0.68716	-0.81645	20
127	0.86579	0.86142	0.83497	0.69143	-0.81992	23
156	0.86383	0.85796	0.84101	0.62993	-0.80205	21
168	0.85319	0.84811	0.83723	0.66216	-0.8021	19
172	0.86459	0.8603	0.83019	0.6882	-0.81811	20
\\10.92.10.11\wangderen\stroke\PyRadiomics\WCHSCU\Count16Width8WaveletWidth8Level2\haar.csv	1	0.45	0.05	0.8
------------------------------------------------------------

0.85649	0.85525	0.8556	0.65551	20
x=1	0.867	0.8656	0.81862	0.80399	-0.85272	26
15	0.86656	0.86219	0.83245	0.70196	-0.82385	22
24	0.86607	0.86145	0.8322	0.69293	-0.82098	22
46	0.86129	0.85644	0.83849	0.68199	-0.81411	21
97	0.86163	0.85511	0.83245	0.59087	-0.79149	20
106	0.85612	0.85145	0.83321	0.6482	-0.8029	17
112	0.86162	0.85646	0.83623	0.62315	-0.80056	21
113	0.8608	0.85688	0.84981	0.68716	-0.81645	20
127	0.86579	0.86142	0.83497	0.69143	-0.81992	23
156	0.86383	0.85796	0.84101	0.62993	-0.80205	21
168	0.85319	0.84811	0.83723	0.66216	-0.8021	19
172	0.86459	0.8603	0.83019	0.6882	-0.81811	20
\\10.92.10.11\wangderen\stroke\PyRadiomics\WCHSCU\Count16Width8WaveletWidth8Level2\rbio1.1.csv	1	0.45	0.05	0.8
------------------------------------------------------------

x=1	0.86292	0.86132	0.78189	0.78987	-0.84681	24
\\10.92.10.11\wangderen\stroke\PyRadiomics\WCHSCU\Count16Width8WaveletWidth8Level2\rbio1.3.csv	1	0.45	0.05	0.8
------------------------------------------------------------

x=1	0.86792	0.86557	0.78264	0.74394	-0.84001	23
\\10.92.10.11\wangderen\stroke\PyRadiomics\WCHSCU\Count16Width8WaveletWidth8Level2\rbio1.5.csv	1	0.45	0.05	0.8
------------------------------------------------------------

x=1	0.85895	0.85737	0.80654	0.77949	-0.83831	21
\\10.92.10.11\wangderen\stroke\PyRadiomics\WCHSCU\Count16Width8WaveletWidth8Level2\rbio2.2.csv	1	0.45	0.05	0.8
------------------------------------------------------------

x=1	0.86459	0.86325	0.81057	0.76194	-0.84178	23
\\10.92.10.11\wangderen\stroke\PyRadiomics\WCHSCU\Count16Width8WaveletWidth8Level2\rbio2.4.csv	1	0.45	0.05	0.8
------------------------------------------------------------

x=1	0.86641	0.86562	0.78843	0.75327	-0.84074	26
\\10.92.10.11\wangderen\stroke\PyRadiomics\WCHSCU\Count16Width8WaveletWidth8Level2\rbio2.6.csv	1	0.45	0.05	0.8
------------------------------------------------------------

0.87473	0.8783	0.85358	0.76361	30
0.87169	0.87238	0.85711	0.77124	29
0.87138	0.87355	0.85233	0.69005	27
0.8747	0.8766	0.85434	0.759	29
0.87374	0.8696	0.85258	0.62909	27
0.87719	0.8761	0.85107	0.69508	32
0.8799	0.87925	0.85333	0.69584	34
0.87277	0.87068	0.85006	0.77482	30
0.86661	0.86901	0.85132	0.75301	28
0.867	0.8629	0.85057	0.62584	23
0.86275	0.85583	0.85132	0.64298	27
0.86726	0.8658	0.85107	0.61439	33
0.86732	0.86703	0.8566	0.67509	28
x=1	0.90534	0.90407	0.78818	0.84164	-0.88967	86
23	0.87453	0.8707	0.84654	0.70142	-0.82704	33
51	0.8762	0.87254	0.84277	0.69776	-0.82896	40
54	0.86583	0.8606	0.83069	0.64484	-0.80466	30
111	0.87978	0.87457	0.84151	0.61333	-0.80938	33
\\10.92.10.11\wangderen\stroke\PyRadiomics\WCHSCU\Count16Width8WaveletWidth8Level2\rbio2.8.csv	1	0.45	0.05	0.8
------------------------------------------------------------

x=1	0.8618	0.86128	0.79296	0.78572	-0.84476	22
\\10.92.10.11\wangderen\stroke\PyRadiomics\WCHSCU\Count16Width8WaveletWidth8Level2\rbio3.1.csv	1	0.45	0.05	0.8
------------------------------------------------------------

x=1	0.86421	0.86278	0.78893	0.79063	-0.84919	20
\\10.92.10.11\wangderen\stroke\PyRadiomics\WCHSCU\Count16Width8WaveletWidth8Level2\rbio3.3.csv	1	0.45	0.05	0.8
------------------------------------------------------------

x=1	0.86971	0.86844	0.82918	0.7844	-0.84783	30
19	0.86828	0.86692	0.83547	0.7799	-0.8448	28
34	0.87127	0.86661	0.83748	0.64437	-0.81107	25
39	0.8682	0.8585	0.83069	0.46942	-0.7618	22
79	0.86802	0.86644	0.83472	0.77598	-0.84385	27
82	0.86902	0.86791	0.83069	0.77583	-0.84648	27
92	0.87188	0.86701	0.83371	0.63813	-0.80919	26
94	0.86955	0.86828	0.83396	0.77974	-0.84596	28
95	0.86933	0.86761	0.83421	0.78113	-0.847	29
111	0.87305	0.86969	0.83748	0.69209	-0.82576	28
155	0.8628	0.86108	0.83698	0.7654	-0.83843	28
\\10.92.10.11\wangderen\stroke\PyRadiomics\WCHSCU\Count16Width8WaveletWidth8Level2\rbio3.5.csv	1	0.45	0.05	0.8
------------------------------------------------------------

x=1	0.85832	0.85674	0.8073	0.75905	-0.83415	21
\\10.92.10.11\wangderen\stroke\PyRadiomics\WCHSCU\Count16Width8WaveletWidth8Level2\rbio3.7.csv	1	0.45	0.05	0.8
------------------------------------------------------------

x=1	0.91436	0.91229	0.7595	0.91861	-0.91701	55
\\10.92.10.11\wangderen\stroke\PyRadiomics\WCHSCU\Count16Width8WaveletWidth8Level2\rbio3.9.csv	1	0.45	0.05	0.8
------------------------------------------------------------

x=1	0.85869	0.85761	0.79849	0.76278	-0.83589	22
\\10.92.10.11\wangderen\stroke\PyRadiomics\WCHSCU\Count16Width8WaveletWidth8Level2\rbio4.4.csv	1	0.45	0.05	0.8
------------------------------------------------------------

x=1	0.86335	0.86139	0.8	0.76729	-0.83992	26
\\10.92.10.11\wangderen\stroke\PyRadiomics\WCHSCU\Count16Width8WaveletWidth8Level2\rbio5.5.csv	1	0.45	0.05	0.8
------------------------------------------------------------

x=1	0.87465	0.87281	0.80075	0.78182	-0.85459	33
\\10.92.10.11\wangderen\stroke\PyRadiomics\WCHSCU\Count16Width8WaveletWidth8Level2\rbio6.8.csv	1	0.45	0.05	0.8
------------------------------------------------------------

x=1	0.87282	0.87011	0.77484	0.79407	-0.8528	26
\\10.92.10.11\wangderen\stroke\PyRadiomics\WCHSCU\Count16Width8WaveletWidth8Level2\sym2.csv	1	0.45	0.05	0.8
------------------------------------------------------------

0.86397	0.86452	0.85132	0.75603	30
x=1	0.88945	0.88842	0.80604	0.86685	-0.88436	45
30	0.87418	0.87338	0.83447	0.79671	-0.85707	32
36	0.87026	0.86704	0.83195	0.6957	-0.82563	31
\\10.92.10.11\wangderen\stroke\PyRadiomics\WCHSCU\Count16Width8WaveletWidth8Level2\sym3.csv	1	0.45	0.05	0.8
------------------------------------------------------------

x=1	0.87047	0.86909	0.8078	0.74538	-0.8376	28
\\10.92.10.11\wangderen\stroke\PyRadiomics\WCHSCU\Count16Width8WaveletWidth8Level2\sym4.csv	1	0.45	0.05	0.8
------------------------------------------------------------

x=1	0.86689	0.8656	0.79572	0.76654	-0.8422	20
\\10.92.10.11\wangderen\stroke\PyRadiomics\WCHSCU\Count16Width8WaveletWidth8Level2\sym5.csv	1	0.45	0.05	0.8
------------------------------------------------------------

x=1	0.85166	0.85	0.80679	0.73347	-0.82455	18
\\10.92.10.11\wangderen\stroke\PyRadiomics\WCHSCU\Count16Width8WaveletWidth8Level2\sym6.csv	1	0.45	0.05	0.8
------------------------------------------------------------

x=1	0.88046	0.87917	0.80981	0.81501	-0.86376	33
\\10.92.10.11\wangderen\stroke\PyRadiomics\WCHSCU\Count16Width8WaveletWidth8Level2\sym7.csv	1	0.45	0.05	0.8
------------------------------------------------------------

x=1	0.85547	0.85369	0.79447	0.73616	-0.827	23
\\10.92.10.11\wangderen\stroke\PyRadiomics\WCHSCU\Count16Width8WaveletWidth8Level2\sym8.csv	1	0.45	0.05	0.8
------------------------------------------------------------

x=1	0.8874	0.88303	0.76704	0.65412	-0.8296	29
\\10.92.10.11\wangderen\stroke\PyRadiomics\WCHSCU\Count16Width8WaveletWidth8Level2\sym9.csv	1	0.45	0.05	0.8
------------------------------------------------------------

x=1	0.88074	0.87979	0.81258	0.85445	-0.87236	29
\\10.92.10.11\wangderen\stroke\PyRadiomics\WCHSCU\Count32Width4WaveletCount32Level2\bior1.1.csv	1	0.45	0.05	0.8
------------------------------------------------------------

x=1	0.89492	0.89405	0.78818	0.845	-0.88228	38
\\10.92.10.11\wangderen\stroke\PyRadiomics\WCHSCU\Count32Width4WaveletCount32Level2\bior1.3.csv	1	0.45	0.05	0.8
------------------------------------------------------------

x=1	0.87713	0.87575	0.7678	0.84807	-0.86965	26
\\10.92.10.11\wangderen\stroke\PyRadiomics\WCHSCU\Count32Width4WaveletCount32Level2\bior1.5.csv	1	0.45	0.05	0.8
------------------------------------------------------------

x=1	0.87488	0.87374	0.78717	0.82031	-0.86042	31
\\10.92.10.11\wangderen\stroke\PyRadiomics\WCHSCU\Count32Width4WaveletCount32Level2\bior2.2.csv	1	0.45	0.05	0.8
------------------------------------------------------------

x=1	0.87834	0.87696	0.75899	0.82491	-0.86399	34
\\10.92.10.11\wangderen\stroke\PyRadiomics\WCHSCU\Count32Width4WaveletCount32Level2\bior2.4.csv	1	0.45	0.05	0.8
------------------------------------------------------------

x=1	0.88384	0.88278	0.77434	0.82751	-0.86915	38
\\10.92.10.11\wangderen\stroke\PyRadiomics\WCHSCU\Count32Width4WaveletCount32Level2\bior2.6.csv	1	0.45	0.05	0.8
------------------------------------------------------------

x=1	0.86991	0.86856	0.76302	0.79051	-0.84817	29
\\10.92.10.11\wangderen\stroke\PyRadiomics\WCHSCU\Count32Width4WaveletCount32Level2\bior2.8.csv	1	0.45	0.05	0.8
------------------------------------------------------------

x=1	0.88277	0.88148	0.79371	0.80267	-0.8644	42
\\10.92.10.11\wangderen\stroke\PyRadiomics\WCHSCU\Count32Width4WaveletCount32Level2\bior3.1.csv	1	0.45	0.05	0.8
------------------------------------------------------------

x=1	0.86438	0.86345	0.79748	0.76848	-0.84436	32
\\10.92.10.11\wangderen\stroke\PyRadiomics\WCHSCU\Count32Width4WaveletCount32Level2\bior3.3.csv	1	0.45	0.05	0.8
------------------------------------------------------------

x=1	0.86343	0.8623	0.8083	0.7525	-0.83612	29
\\10.92.10.11\wangderen\stroke\PyRadiomics\WCHSCU\Count32Width4WaveletCount32Level2\bior3.5.csv	1	0.45	0.05	0.8
------------------------------------------------------------

x=1	0.86216	0.86103	0.79597	0.75808	-0.83652	24
\\10.92.10.11\wangderen\stroke\PyRadiomics\WCHSCU\Count32Width4WaveletCount32Level2\bior3.7.csv	1	0.45	0.05	0.8
------------------------------------------------------------

x=1	0.87016	0.86906	0.79547	0.79357	-0.85257	36
\\10.92.10.11\wangderen\stroke\PyRadiomics\WCHSCU\Count32Width4WaveletCount32Level2\bior3.9.csv	1	0.45	0.05	0.8
------------------------------------------------------------

0.87267	0.87111	0.85585	0.80189	29
x=1	0.87143	0.87064	0.82792	0.83554	-0.86533	31
33	0.87022	0.86867	0.8322	0.75157	-0.84071	27
37	0.87186	0.8713	0.83145	0.83084	-0.86372	30
46	0.87113	0.87056	0.83019	0.83286	-0.86376	30
61	0.87186	0.8713	0.83145	0.83084	-0.86372	30
64	0.87113	0.87056	0.83019	0.83286	-0.86376	30
70	0.87113	0.87056	0.83019	0.83286	-0.86376	30
88	0.86744	0.8665	0.83899	0.79993	-0.85044	24
94	0.87005	0.86929	0.83069	0.82296	-0.86097	29
107	0.87163	0.87092	0.83396	0.82863	-0.86308	30
126	0.86789	0.86738	0.83447	0.81041	-0.85347	27
133	0.87098	0.87023	0.83346	0.82215	-0.8609	28
156	0.86975	0.86879	0.83522	0.81829	-0.85734	28
159	0.87113	0.87056	0.83019	0.83286	-0.86376	30
168	0.87133	0.87051	0.83094	0.82779	-0.86204	29
\\10.92.10.11\wangderen\stroke\PyRadiomics\WCHSCU\Count32Width4WaveletCount32Level2\bior4.4.csv	1	0.45	0.05	0.8
------------------------------------------------------------

0.86345	0.85925	0.85333	0.65171	21
0.86572	0.86137	0.85283	0.65644	22
0.87149	0.86694	0.85031	0.66737	26
0.86376	0.8637	0.85308	0.771	24
x=1	0.87852	0.87801	0.82843	0.80498	-0.86094	32
21	0.88137	0.87804	0.83145	0.70298	-0.8343	29
37	0.87764	0.87462	0.83572	0.69732	-0.82863	28
52	0.87975	0.87615	0.84	0.70458	-0.83413	28
63	0.87493	0.87212	0.83597	0.6903	-0.8254	27
76	0.87683	0.87405	0.83522	0.69206	-0.82638	27
87	0.87843	0.87425	0.83145	0.64062	-0.81492	28
105	0.88268	0.8795	0.83371	0.70377	-0.83672	31
120	0.87302	0.86864	0.83019	0.64295	-0.81079	25
121	0.87996	0.87719	0.83723	0.70449	-0.83605	29
127	0.86964	0.86695	0.83522	0.67916	-0.81874	24
136	0.87635	0.87338	0.84075	0.69643	-0.82817	27
143	0.87654	0.87392	0.83321	0.69663	-0.83149	25
146	0.88268	0.8795	0.83371	0.70377	-0.83672	31
159	0.87502	0.87178	0.83321	0.67947	-0.82422	28
\\10.92.10.11\wangderen\stroke\PyRadiomics\WCHSCU\Count32Width4WaveletCount32Level2\bior5.5.csv	1	0.45	0.05	0.8
------------------------------------------------------------

x=1	0.88336	0.88232	0.8244	0.82834	-0.86951	30
53	0.87648	0.87501	0.83623	0.78622	-0.85264	24
133	0.87118	0.86983	0.83321	0.77895	-0.84809	22
147	0.87392	0.87259	0.8322	0.78854	-0.85162	24
\\10.92.10.11\wangderen\stroke\PyRadiomics\WCHSCU\Count32Width4WaveletCount32Level2\bior6.8.csv	1	0.45	0.05	0.8
------------------------------------------------------------

x=1	0.86831	0.86755	0.79648	0.82164	-0.85482	24
\\10.92.10.11\wangderen\stroke\PyRadiomics\WCHSCU\Count32Width4WaveletCount32Level2\coif1.csv	1	0.45	0.05	0.8
------------------------------------------------------------

x=1	0.88624	0.88528	0.78063	0.84011	-0.87791	40
\\10.92.10.11\wangderen\stroke\PyRadiomics\WCHSCU\Count32Width4WaveletCount32Level2\coif2.csv	1	0.45	0.05	0.8
------------------------------------------------------------

x=1	0.88396	0.88291	0.78868	0.8437	-0.87438	29
\\10.92.10.11\wangderen\stroke\PyRadiomics\WCHSCU\Count32Width4WaveletCount32Level2\coif3.csv	1	0.45	0.05	0.8
------------------------------------------------------------

0.86453	0.85838	0.85132	0.67925	24
0.87374	0.86826	0.85686	0.70932	28
x=1	0.87631	0.87575	0.8244	0.84903	-0.86789	30
35	0.87406	0.87281	0.83019	0.84898	-0.86556	28
43	0.8744	0.87133	0.83623	0.72972	-0.83561	27
67	0.86712	0.86651	0.83371	0.79647	-0.84681	24
68	0.8703	0.86912	0.83245	0.82353	-0.85622	25
87	0.88004	0.87645	0.83572	0.70805	-0.83189	28
88	0.87172	0.87092	0.83069	0.83942	-0.86332	27
103	0.87522	0.87082	0.83673	0.72336	-0.83116	26
114	0.86933	0.86444	0.83195	0.67254	-0.8143	21
123	0.87132	0.86727	0.8322	0.69472	-0.82378	24
137	0.87284	0.87208	0.83145	0.84187	-0.86239	27
144	0.87175	0.86788	0.83069	0.68883	-0.82238	24
145	0.86769	0.86704	0.83119	0.82395	-0.85253	24
170	0.853	0.84823	0.83597	0.64369	-0.79539	18
\\10.92.10.11\wangderen\stroke\PyRadiomics\WCHSCU\Count32Width4WaveletCount32Level2\coif4.csv	1	0.45	0.05	0.8
------------------------------------------------------------

x=1	0.8806	0.87888	0.82742	0.8118	-0.86492	26
24	0.87553	0.87423	0.83321	0.79928	-0.85724	23
72	0.86803	0.86354	0.83371	0.67563	-0.81743	18
149	0.86345	0.86163	0.83145	0.76576	-0.84071	19
156	0.87792	0.8736	0.83547	0.709	-0.83319	23
160	0.87783	0.87628	0.8317	0.80769	-0.86165	24
171	0.87184	0.87081	0.83069	0.79837	-0.85426	23
\\10.92.10.11\wangderen\stroke\PyRadiomics\WCHSCU\Count32Width4WaveletCount32Level2\coif5.csv	1	0.45	0.05	0.8
------------------------------------------------------------

x=1	0.8866	0.88577	0.7922	0.87999	-0.88431	40
\\10.92.10.11\wangderen\stroke\PyRadiomics\WCHSCU\Count32Width4WaveletCount32Level2\db2.csv	1	0.45	0.05	0.8
------------------------------------------------------------

x=1	0.87014	0.86895	0.80579	0.81962	-0.85775	24
\\10.92.10.11\wangderen\stroke\PyRadiomics\WCHSCU\Count32Width4WaveletCount32Level2\db3.csv	1	0.45	0.05	0.8
------------------------------------------------------------

x=1	0.88982	0.88878	0.80503	0.87314	-0.88785	33
\\10.92.10.11\wangderen\stroke\PyRadiomics\WCHSCU\Count32Width4WaveletCount32Level2\db4.csv	1	0.45	0.05	0.8
------------------------------------------------------------

x=1	0.87123	0.86995	0.78818	0.81248	-0.85809	35
\\10.92.10.11\wangderen\stroke\PyRadiomics\WCHSCU\Count32Width4WaveletCount32Level2\db5.csv	1	0.45	0.05	0.8
------------------------------------------------------------

0.87023	0.86639	0.85132	0.69716	24
x=1	0.90507	0.90448	0.80855	0.90122	-0.90189	42
30	0.89817	0.89574	0.8322	0.78179	-0.86429	35
80	0.89795	0.89577	0.83245	0.78183	-0.86395	36
153	0.89442	0.89397	0.83748	0.86225	-0.88336	34
\\10.92.10.11\wangderen\stroke\PyRadiomics\WCHSCU\Count32Width4WaveletCount32Level2\db6.csv	1	0.45	0.05	0.8
------------------------------------------------------------

x=1	0.87305	0.87209	0.78491	0.78875	-0.85263	25
\\10.92.10.11\wangderen\stroke\PyRadiomics\WCHSCU\Count32Width4WaveletCount32Level2\db7.csv	1	0.45	0.05	0.8
------------------------------------------------------------

x=1	0.89831	0.8978	0.78289	0.88759	-0.89467	50
\\10.92.10.11\wangderen\stroke\PyRadiomics\WCHSCU\Count32Width4WaveletCount32Level2\db8.csv	1	0.45	0.05	0.8
------------------------------------------------------------

x=1	0.90153	0.90077	0.80226	0.88886	-0.90241	38
\\10.92.10.11\wangderen\stroke\PyRadiomics\WCHSCU\Count32Width4WaveletCount32Level2\db9.csv	1	0.45	0.05	0.8
------------------------------------------------------------

x=1	0.88071	0.87975	0.77811	0.83165	-0.86757	30
\\10.92.10.11\wangderen\stroke\PyRadiomics\WCHSCU\Count32Width4WaveletCount32Level2\dmey.csv	1	0.45	0.05	0.8
------------------------------------------------------------

x=1	0.88074	0.87979	0.81258	0.85445	-0.87236	29
\\10.92.10.11\wangderen\stroke\PyRadiomics\WCHSCU\Count32Width4WaveletCount32Level2\haar.csv	1	0.45	0.05	0.8
------------------------------------------------------------

x=1	0.88074	0.87979	0.81258	0.85445	-0.87236	29
\\10.92.10.11\wangderen\stroke\PyRadiomics\WCHSCU\Count32Width4WaveletCount32Level2\rbio1.1.csv	1	0.45	0.05	0.8
------------------------------------------------------------

x=1	0.86746	0.86656	0.77358	0.80234	-0.85324	31
\\10.92.10.11\wangderen\stroke\PyRadiomics\WCHSCU\Count32Width4WaveletCount32Level2\rbio1.3.csv	1	0.45	0.05	0.8
------------------------------------------------------------

x=1	0.87527	0.8738	0.7683	0.80171	-0.85742	31
\\10.92.10.11\wangderen\stroke\PyRadiomics\WCHSCU\Count32Width4WaveletCount32Level2\rbio1.5.csv	1	0.45	0.05	0.8
------------------------------------------------------------

x=1	0.87417	0.87281	0.79145	0.83762	-0.86709	32
\\10.92.10.11\wangderen\stroke\PyRadiomics\WCHSCU\Count32Width4WaveletCount32Level2\rbio2.2.csv	1	0.45	0.05	0.8
------------------------------------------------------------

x=1	0.87876	0.87783	0.80478	0.82979	-0.86635	31
\\10.92.10.11\wangderen\stroke\PyRadiomics\WCHSCU\Count32Width4WaveletCount32Level2\rbio2.4.csv	1	0.45	0.05	0.8
------------------------------------------------------------

x=1	0.86845	0.86777	0.80075	0.78919	-0.84981	32
\\10.92.10.11\wangderen\stroke\PyRadiomics\WCHSCU\Count32Width4WaveletCount32Level2\rbio2.6.csv	1	0.45	0.05	0.8
------------------------------------------------------------

x=1	0.87304	0.87226	0.78818	0.80991	-0.85774	26
\\10.92.10.11\wangderen\stroke\PyRadiomics\WCHSCU\Count32Width4WaveletCount32Level2\rbio2.8.csv	1	0.45	0.05	0.8
------------------------------------------------------------

x=1	0.85827	0.85703	0.78063	0.77531	-0.83433	20
\\10.92.10.11\wangderen\stroke\PyRadiomics\WCHSCU\Count32Width4WaveletCount32Level2\rbio3.1.csv	1	0.45	0.05	0.8
------------------------------------------------------------

x=1	0.87178	0.87006	0.77208	0.8334	-0.86199	25
\\10.92.10.11\wangderen\stroke\PyRadiomics\WCHSCU\Count32Width4WaveletCount32Level2\rbio3.3.csv	1	0.45	0.05	0.8
------------------------------------------------------------

x=1	0.86168	0.8606	0.82692	0.79201	-0.84367	25
137	0.85412	0.85345	0.83421	0.75702	-0.82831	21
\\10.92.10.11\wangderen\stroke\PyRadiomics\WCHSCU\Count32Width4WaveletCount32Level2\rbio3.5.csv	1	0.45	0.05	0.8
------------------------------------------------------------

x=1	0.87589	0.87474	0.79396	0.81729	-0.85856	26
\\10.92.10.11\wangderen\stroke\PyRadiomics\WCHSCU\Count32Width4WaveletCount32Level2\rbio3.7.csv	1	0.45	0.05	0.8
------------------------------------------------------------

x=1	0.86393	0.86259	0.77434	0.82987	-0.85596	25
\\10.92.10.11\wangderen\stroke\PyRadiomics\WCHSCU\Count32Width4WaveletCount32Level2\rbio3.9.csv	1	0.45	0.05	0.8
------------------------------------------------------------

x=1	0.883	0.88212	0.80327	0.84597	-0.87689	37
\\10.92.10.11\wangderen\stroke\PyRadiomics\WCHSCU\Count32Width4WaveletCount32Level2\rbio4.4.csv	1	0.45	0.05	0.8
------------------------------------------------------------

x=1	0.88252	0.88168	0.77987	0.852	-0.87678	29
\\10.92.10.11\wangderen\stroke\PyRadiomics\WCHSCU\Count32Width4WaveletCount32Level2\rbio5.5.csv	1	0.45	0.05	0.8
------------------------------------------------------------

x=1	0.8735	0.87288	0.81987	0.8275	-0.86243	31
38	0.85734	0.85389	0.83421	0.64888	-0.80044	23
134	0.86988	0.86924	0.83069	0.81552	-0.85662	25
161	0.87262	0.86975	0.8322	0.71068	-0.82744	23
\\10.92.10.11\wangderen\stroke\PyRadiomics\WCHSCU\Count32Width4WaveletCount32Level2\rbio6.8.csv	1	0.45	0.05	0.8
------------------------------------------------------------

x=1	0.88357	0.88223	0.79774	0.89682	-0.88417	37
\\10.92.10.11\wangderen\stroke\PyRadiomics\WCHSCU\Count32Width4WaveletCount32Level2\sym2.csv	1	0.45	0.05	0.8
------------------------------------------------------------

x=1	0.87014	0.86895	0.80579	0.81962	-0.85775	24
\\10.92.10.11\wangderen\stroke\PyRadiomics\WCHSCU\Count32Width4WaveletCount32Level2\sym3.csv	1	0.45	0.05	0.8
------------------------------------------------------------

x=1	0.86346	0.8628	0.80503	0.76515	-0.84171	23
\\10.92.10.11\wangderen\stroke\PyRadiomics\WCHSCU\Count32Width4WaveletCount32Level2\sym4.csv	1	0.45	0.05	0.8
------------------------------------------------------------

x=1	0.86726	0.86599	0.78239	0.8174	-0.85128	22
\\10.92.10.11\wangderen\stroke\PyRadiomics\WCHSCU\Count32Width4WaveletCount32Level2\sym5.csv	1	0.45	0.05	0.8
------------------------------------------------------------

x=1	0.86177	0.86052	0.79824	0.7927	-0.84562	23
\\10.92.10.11\wangderen\stroke\PyRadiomics\WCHSCU\Count32Width4WaveletCount32Level2\sym6.csv	1	0.45	0.05	0.8
------------------------------------------------------------

0.86504	0.86374	0.85031	0.76221	24
0.86772	0.86478	0.85182	0.66522	25
x=1	0.8817	0.88102	0.82314	0.80913	-0.86452	34
11	0.88134	0.87755	0.83195	0.70484	-0.83479	29
50	0.87718	0.87466	0.83497	0.69441	-0.83009	27
73	0.87797	0.87474	0.83119	0.69567	-0.82796	27
86	0.87051	0.86927	0.83547	0.78077	-0.84764	25
100	0.87344	0.87279	0.83195	0.77864	-0.84928	27
105	0.8744	0.87325	0.83421	0.78698	-0.85316	30
121	0.86899	0.86823	0.83799	0.78089	-0.84817	27
148	0.85559	0.85462	0.83547	0.7095	-0.81703	20
\\10.92.10.11\wangderen\stroke\PyRadiomics\WCHSCU\Count32Width4WaveletCount32Level2\sym7.csv	1	0.45	0.05	0.8
------------------------------------------------------------

x=1	0.86015	0.85973	0.79296	0.78104	-0.8369	21
\\10.92.10.11\wangderen\stroke\PyRadiomics\WCHSCU\Count32Width4WaveletCount32Level2\sym8.csv	1	0.45	0.05	0.8
------------------------------------------------------------

x=1	0.87979	0.87914	0.77535	0.84757	-0.86961	30
\\10.92.10.11\wangderen\stroke\PyRadiomics\WCHSCU\Count32Width4WaveletCount32Level2\sym9.csv	1	0.45	0.05	0.8
------------------------------------------------------------

x=1	0.89396	0.89346	0.81333	0.86368	-0.88938	60
\\10.92.10.11\wangderen\stroke\PyRadiomics\WCHSCU\Count32Width4WaveletWidth4Level2\bior1.1.csv	1	0.45	0.05	0.8
------------------------------------------------------------

x=1	0.88432	0.88288	0.79195	0.85503	-0.87812	33
\\10.92.10.11\wangderen\stroke\PyRadiomics\WCHSCU\Count32Width4WaveletWidth4Level2\bior1.3.csv	1	0.45	0.05	0.8
------------------------------------------------------------

x=1	0.87569	0.87484	0.82868	0.85691	-0.87206	33
14	0.87422	0.87347	0.83245	0.84404	-0.8656	32
31	0.87429	0.87333	0.83094	0.8313	-0.86483	30
40	0.87395	0.87279	0.83019	0.83453	-0.86381	29
56	0.86977	0.86875	0.83245	0.83567	-0.86059	28
61	0.87304	0.87253	0.83069	0.84053	-0.86519	29
67	0.87308	0.87209	0.83195	0.84817	-0.86649	30
86	0.86913	0.86853	0.8327	0.82312	-0.85835	26
91	0.86904	0.86805	0.83145	0.82042	-0.85695	26
104	0.86947	0.86841	0.83044	0.82777	-0.85803	29
107	0.87197	0.87098	0.83094	0.83832	-0.86417	32
114	0.87515	0.87386	0.83145	0.85014	-0.86976	32
124	0.87163	0.87079	0.8322	0.83838	-0.86307	30
148	0.8733	0.8724	0.83296	0.83786	-0.86474	31
\\10.92.10.11\wangderen\stroke\PyRadiomics\WCHSCU\Count32Width4WaveletWidth4Level2\bior1.5.csv	1	0.45	0.05	0.8
------------------------------------------------------------

x=1	0.89456	0.89394	0.77836	0.84962	-0.88369	53
\\10.92.10.11\wangderen\stroke\PyRadiomics\WCHSCU\Count32Width4WaveletWidth4Level2\bior2.2.csv	1	0.45	0.05	0.8
------------------------------------------------------------

x=1	0.86673	0.86565	0.81208	0.81503	-0.85525	28
108	0.86861	0.86495	0.83069	0.70271	-0.82529	25
\\10.92.10.11\wangderen\stroke\PyRadiomics\WCHSCU\Count32Width4WaveletWidth4Level2\bior2.4.csv	1	0.45	0.05	0.8
------------------------------------------------------------

0.88991	0.89004	0.85057	0.82702	33
0.88672	0.88608	0.85132	0.82561	31
0.8899	0.89035	0.85208	0.8323	34
0.8899	0.89035	0.85208	0.8323	34
0.89031	0.88804	0.85409	0.83074	34
0.89042	0.88956	0.85132	0.83241	35
0.88934	0.88788	0.85535	0.82845	32
0.8899	0.89035	0.85208	0.8323	34
0.8899	0.89035	0.85208	0.8323	34
0.88934	0.88788	0.85535	0.82845	32
0.88914	0.88882	0.85434	0.82991	33
0.88917	0.8887	0.85283	0.82875	33
0.88917	0.8887	0.85283	0.82875	33
0.88991	0.89004	0.85057	0.82702	33
0.88991	0.89004	0.85057	0.82702	33
0.88914	0.88882	0.85434	0.82991	33
0.88935	0.89034	0.85157	0.82756	33
0.88799	0.88633	0.85006	0.82733	32
0.88935	0.89034	0.85157	0.82756	33
0.8899	0.89035	0.85208	0.8323	34
0.88852	0.88695	0.85031	0.82699	34
0.88773	0.88663	0.85006	0.8283	33
0.88878	0.89119	0.85434	0.82073	33
0.89033	0.89095	0.85308	0.81976	35
0.88536	0.88377	0.8556	0.81278	28
0.88875	0.88959	0.85031	0.82276	34
0.88875	0.88742	0.85233	0.82557	32
0.88677	0.88541	0.85057	0.82712	32
0.90231	0.90177	0.85006	0.83698	41
0.90231	0.90177	0.85006	0.83698	41
0.90231	0.90177	0.85006	0.83698	41
0.90231	0.90177	0.85006	0.83698	41
0.8971	0.8955	0.85031	0.82752	37
0.90231	0.90177	0.85006	0.83698	41
0.89767	0.89782	0.85308	0.83672	37
0.88802	0.88832	0.85233	0.82262	30
0.8975	0.89516	0.85333	0.83513	36
0.89767	0.89782	0.85308	0.83672	37
0.89918	0.89795	0.85057	0.8349	36
0.89664	0.89538	0.85409	0.83423	37
0.89767	0.89782	0.85308	0.83672	37
0.89676	0.89481	0.85132	0.81227	34
0.89363	0.89355	0.85233	0.82633	35
0.89678	0.89483	0.85157	0.82329	34
0.89738	0.8979	0.85006	0.8353	36
0.89487	0.89277	0.85157	0.83049	33
0.89812	0.897	0.85258	0.83694	37
0.89024	0.89449	0.85233	0.8058	32
0.89606	0.89438	0.85031	0.83059	33
0.89846	0.89608	0.85308	0.83291	36
0.89681	0.89395	0.85031	0.82339	34
0.89606	0.89438	0.85031	0.83059	33
0.89681	0.89395	0.85031	0.82339	34
0.89681	0.89395	0.85031	0.82339	34
0.89685	0.89546	0.85358	0.83484	35
0.89639	0.8966	0.85082	0.82969	37
0.89732	0.89484	0.85283	0.83554	35
0.89388	0.89353	0.85283	0.82339	34
0.89788	0.89758	0.85333	0.83512	36
0.89521	0.89552	0.85157	0.82802	34
0.89464	0.89443	0.85182	0.82492	35
0.8953	0.89477	0.85233	0.8282	36
0.89757	0.89502	0.85459	0.83353	35
0.89788	0.89758	0.85333	0.83512	36
0.89963	0.89823	0.85182	0.83533	37
0.89788	0.89758	0.85333	0.83512	36
0.90124	0.89885	0.85258	0.83703	39
0.89301	0.89279	0.85233	0.82457	33
0.90124	0.89885	0.85258	0.83703	39
0.88965	0.8931	0.85006	0.79382	31
0.89788	0.89735	0.85057	0.82858	38
0.90124	0.89885	0.85258	0.83703	39
0.89619	0.89452	0.85082	0.83354	36
0.8993	0.89763	0.85182	0.83478	37
0.89256	0.89263	0.85182	0.81823	34
0.89963	0.89823	0.85182	0.83533	37
0.89588	0.89692	0.85358	0.82998	37
0.89784	0.897	0.85057	0.83447	37
0.89784	0.897	0.85057	0.83447	37
0.89653	0.89541	0.85031	0.83629	37
0.89794	0.89874	0.85333	0.83524	36
0.89784	0.897	0.85057	0.83447	37
0.8949	0.89298	0.85057	0.81692	32
0.89456	0.89487	0.85283	0.82778	35
0.89912	0.89965	0.85107	0.83712	37
0.89653	0.89541	0.85031	0.83629	37
0.89523	0.89642	0.85384	0.82939	36
0.89523	0.89642	0.85384	0.82939	36
0.896	0.8944	0.85006	0.8241	35
0.89523	0.89642	0.85384	0.82939	36
0.89833	0.90023	0.85031	0.83257	37
0.89826	0.89852	0.85333	0.8272	36
0.89568	0.89563	0.85107	0.82979	36
0.89833	0.90023	0.85031	0.83257	37
0.89947	0.89659	0.85233	0.83161	36
0.89337	0.89341	0.85283	0.82126	34
0.89391	0.89292	0.85333	0.82054	34
0.8927	0.89225	0.85686	0.81435	33
0.89899	0.89685	0.85132	0.83559	38
0.89568	0.89563	0.85107	0.82979	36
0.89947	0.89659	0.85233	0.83161	36
0.89236	0.89225	0.8561	0.81512	32
0.89619	0.89452	0.85082	0.83354	36
0.89568	0.89563	0.85107	0.82979	36
0.89769	0.89654	0.85031	0.82229	35
0.89788	0.89758	0.85333	0.83512	36
0.89377	0.89399	0.85006	0.82229	36
0.8962	0.89377	0.85484	0.83245	35
0.89549	0.89412	0.85409	0.82387	34
0.89912	0.89965	0.85107	0.83712	37
0.89072	0.89176	0.85157	0.80182	31
0.89549	0.89412	0.85409	0.82387	34
0.89769	0.89654	0.85031	0.82229	35
0.89771	0.89596	0.85283	0.83089	35
0.89769	0.89654	0.85031	0.82229	35
0.89846	0.89608	0.85308	0.83291	36
0.89493	0.89045	0.85283	0.70706	29
0.89775	0.89719	0.85006	0.83466	37
0.89848	0.8959	0.85358	0.8352	36
0.90099	0.89963	0.85233	0.83773	40
0.89775	0.89719	0.85006	0.83466	37
0.89912	0.89965	0.85107	0.83712	37
0.90031	0.89823	0.85132	0.83729	38
0.90124	0.89885	0.85258	0.83703	39
0.89301	0.89279	0.85233	0.82457	33
0.89912	0.89965	0.85107	0.83712	37
0.90031	0.89823	0.85132	0.83729	38
0.90124	0.89885	0.85258	0.83703	39
0.90124	0.89885	0.85258	0.83703	39
0.89722	0.89577	0.85006	0.83539	37
0.90124	0.89885	0.85258	0.83703	39
0.90124	0.89885	0.85258	0.83703	39
0.89722	0.89471	0.85434	0.83431	36
0.89619	0.89452	0.85082	0.83354	36
0.89722	0.89577	0.85006	0.83539	37
0.90124	0.89885	0.85258	0.83703	39
0.89769	0.89719	0.85031	0.8351	38
0.89138	0.89168	0.85006	0.80269	35
0.89654	0.89208	0.85258	0.71979	33
0.89763	0.89677	0.85233	0.83156	37
0.90124	0.89885	0.85258	0.83703	39
0.89932	0.89736	0.85157	0.71701	35
0.89763	0.89677	0.85233	0.83156	37
0.89763	0.89677	0.85233	0.83156	37
0.89932	0.89736	0.85157	0.71701	35
0.8947	0.89404	0.85283	0.80561	34
0.8989	0.89825	0.85208	0.83704	39
0.89394	0.89501	0.85258	0.81236	34
0.89636	0.89587	0.85233	0.83404	37
0.89803	0.89748	0.85535	0.82209	36
0.89636	0.89587	0.85233	0.83404	37
0.89784	0.897	0.85057	0.83447	37
0.89045	0.89153	0.85107	0.8199	39
0.89803	0.89748	0.85535	0.82209	36
0.89757	0.89502	0.85459	0.83353	35
0.89292	0.89174	0.85535	0.81701	34
0.89784	0.897	0.85057	0.83447	37
0.89543	0.89322	0.85409	0.82675	34
0.89803	0.89748	0.85535	0.82209	36
0.89963	0.89823	0.85182	0.83533	37
0.88983	0.89123	0.85107	0.81695	37
0.89626	0.89547	0.85384	0.81934	34
0.89272	0.8919	0.85182	0.80769	33
0.89696	0.89566	0.85006	0.8336	36
0.89963	0.89823	0.85182	0.83533	37
0.89609	0.8959	0.85358	0.83084	35
0.89744	0.89811	0.85459	0.83183	36
0.89908	0.89859	0.85182	0.82071	37
0.8993	0.89855	0.85157	0.83627	38
0.90011	0.89733	0.85182	0.83793	39
0.89908	0.89859	0.85182	0.82071	37
0.89819	0.89547	0.85384	0.83444	37
0.89846	0.89608	0.85308	0.83291	36
0.90011	0.89733	0.85182	0.83793	39
0.90011	0.89733	0.85182	0.83793	39
0.89981	0.89995	0.85157	0.82261	38
0.90099	0.89963	0.85233	0.83773	40
0.90124	0.89885	0.85258	0.83703	39
0.89693	0.8944	0.85887	0.82774	36
0.89436	0.89302	0.85308	0.80976	33
0.90031	0.89823	0.85132	0.83729	38
0.90099	0.89963	0.85233	0.83773	40
0.8993	0.89763	0.85182	0.83478	37
0.89575	0.89184	0.85509	0.70963	32
0.90031	0.89823	0.85132	0.83729	38
0.8993	0.89763	0.85182	0.83478	37
0.89769	0.89788	0.85006	0.829	36
0.89769	0.89788	0.85006	0.829	36
0.90124	0.89885	0.85258	0.83703	39
0.8993	0.89763	0.85182	0.83478	37
0.90084	0.89873	0.85233	0.83537	38
0.89763	0.89677	0.85233	0.83156	37
x=1	0.9015	0.9007	0.8483	0.84008	-0.88601	41
2	0.9015	0.9007	0.8483	0.84008	-0.88601	41
3	0.9015	0.9007	0.8483	0.84008	-0.88601	41
4	0.9015	0.9007	0.8483	0.84008	-0.88601	41
5	0.9015	0.9007	0.8483	0.84008	-0.88601	41
6	0.9015	0.9007	0.8483	0.84008	-0.88601	41
7	0.9015	0.9007	0.8483	0.84008	-0.88601	41
8	0.9015	0.9007	0.8483	0.84008	-0.88601	41
9	0.9015	0.9007	0.8483	0.84008	-0.88601	41
10	0.9015	0.9007	0.8483	0.84008	-0.88601	41
12	0.90257	0.89458	0.83447	0.59911	-0.82003	30
13	0.87471	0.87377	0.83723	0.75999	-0.84702	29
15	0.90118	0.90074	0.84881	0.83775	-0.88326	40
16	0.90138	0.90091	0.84956	0.83741	-0.88282	39
17	0.88424	0.88283	0.84403	0.77099	-0.85585	30
19	0.88876	0.88723	0.83472	0.79444	-0.86221	28
21	0.90427	0.89179	0.83597	0.49844	-0.79205	37
23	0.89614	0.89047	0.83321	0.66469	-0.83429	32
28	0.9015	0.9007	0.8483	0.84008	-0.88601	41
30	0.88701	0.87181	0.83899	0.44293	-0.76568	29
31	0.90383	0.89905	0.83748	0.65812	-0.83753	33
32	0.88828	0.88723	0.83572	0.78543	-0.86262	28
33	0.89781	0.89681	0.84956	0.81272	-0.87538	35
34	0.89865	0.89758	0.84226	0.82492	-0.87827	36
37	0.89907	0.89761	0.8405	0.82367	-0.87857	38
38	0.88207	0.88066	0.83094	0.7757	-0.85624	29
43	0.90268	0.90054	0.83371	0.74902	-0.86238	39
44	0.90886	0.90125	0.83849	0.59316	-0.8219	34
45	0.8952	0.894	0.84126	0.82234	-0.87511	36
46	0.9015	0.9007	0.8483	0.84008	-0.88601	41
47	0.90336	0.90132	0.83774	0.75684	-0.8625	38
50	0.9015	0.9007	0.8483	0.84008	-0.88601	41
52	0.90124	0.90015	0.85258	0.83703	-0.88235	39
54	0.9015	0.9007	0.8483	0.84008	-0.88601	41
55	0.9015	0.9007	0.8483	0.84008	-0.88601	41
56	0.89899	0.89862	0.84704	0.83635	-0.88113	38
59	0.90356	0.90144	0.83899	0.75539	-0.86357	38
62	0.9015	0.9007	0.8483	0.84008	-0.88601	41
63	0.8993	0.89845	0.85182	0.83478	-0.88088	37
66	0.9015	0.9007	0.8483	0.84008	-0.88601	41
67	0.9015	0.9007	0.8483	0.84008	-0.88601	41
69	0.9015	0.9007	0.8483	0.84008	-0.88601	41
70	0.89862	0.89766	0.83145	0.83603	-0.88107	37
71	0.9015	0.9007	0.8483	0.84008	-0.88601	41
72	0.89936	0.89241	0.84428	0.60438	-0.82017	31
73	0.90026	0.89673	0.84277	0.66394	-0.83722	33
75	0.9013	0.89929	0.83497	0.74702	-0.86068	37
79	0.90479	0.90082	0.83371	0.68382	-0.84494	37
81	0.89095	0.8892	0.84377	0.78815	-0.86358	32
84	0.9015	0.9007	0.8483	0.84008	-0.88601	41
87	0.9015	0.9007	0.8483	0.84008	-0.88601	41
89	0.89795	0.89758	0.84679	0.82813	-0.8798	37
90	0.9015	0.9007	0.8483	0.84008	-0.88601	41
94	0.9015	0.9007	0.8483	0.84008	-0.88601	41
105	0.9018	0.89506	0.83044	0.55067	-0.80721	31
107	0.89344	0.89255	0.83195	0.81036	-0.87018	32
108	0.90256	0.89843	0.84176	0.67368	-0.84131	35
110	0.8925	0.89146	0.83648	0.78792	-0.86425	30
113	0.89986	0.89501	0.83069	0.63922	-0.83171	33
114	0.9015	0.89921	0.84025	0.75033	-0.86127	36
116	0.90217	0.89961	0.83975	0.75978	-0.86246	39
118	0.9015	0.9007	0.8483	0.84008	-0.88601	41
121	0.89602	0.8954	0.84704	0.8253	-0.87656	35
124	0.90084	0.90001	0.85233	0.83537	-0.88185	38
125	0.9015	0.9007	0.8483	0.84008	-0.88601	41
126	0.90331	0.89891	0.83648	0.64396	-0.8314	35
128	0.89625	0.89551	0.84704	0.82504	-0.87607	36
129	0.89921	0.89518	0.83497	0.65525	-0.83439	33
130	0.89481	0.89372	0.84151	0.8241	-0.87501	35
132	0.90328	0.9008	0.83497	0.74824	-0.86159	38
135	0.90708	0.9013	0.8327	0.62683	-0.83085	35
138	0.89763	0.89687	0.85233	0.83156	-0.87944	37
139	0.9015	0.9007	0.8483	0.84008	-0.88601	41
140	0.9015	0.9007	0.8483	0.84008	-0.88601	41
141	0.9015	0.9007	0.8483	0.84008	-0.88601	41
142	0.89854	0.89304	0.84377	0.61017	-0.82212	30
143	0.90345	0.90102	0.84553	0.75551	-0.86135	37
144	0.89069	0.88599	0.83119	0.66233	-0.82923	29
145	0.89028	0.88861	0.84201	0.79268	-0.865	32
149	0.89693	0.89301	0.83069	0.65166	-0.83276	30
151	0.89262	0.89141	0.83748	0.81278	-0.87247	35
155	0.9015	0.9007	0.8483	0.84008	-0.88601	41
158	0.89819	0.89761	0.84277	0.82576	-0.87866	37
159	0.90469	0.90035	0.83648	0.69384	-0.8479	37
162	0.9015	0.9007	0.8483	0.84008	-0.88601	41
165	0.9015	0.9007	0.8483	0.84008	-0.88601	41
168	0.9015	0.9007	0.8483	0.84008	-0.88601	41
171	0.88881	0.88257	0.8317	0.58973	-0.80767	24
172	0.89809	0.89685	0.84604	0.83733	-0.88115	38
\\10.92.10.11\wangderen\stroke\PyRadiomics\WCHSCU\Count32Width4WaveletWidth4Level2\bior2.6.csv	1	0.45	0.05	0.8
------------------------------------------------------------

0.88024	0.87529	0.85006	0.64091	25
x=1	0.8845	0.88323	0.81333	0.83971	-0.87374	35
14	0.87177	0.86947	0.83522	0.78441	-0.84573	24
38	0.87047	0.86901	0.84226	0.79299	-0.84971	27
40	0.86658	0.8634	0.83019	0.65052	-0.8076	21
74	0.87857	0.87518	0.83195	0.70099	-0.83274	26
100	0.88004	0.87642	0.83623	0.70858	-0.83473	26
102	0.87321	0.87188	0.8317	0.80676	-0.85466	26
113	0.87321	0.86975	0.83296	0.67002	-0.81656	21
156	0.88266	0.87696	0.83673	0.61041	-0.81046	26
170	0.87265	0.86895	0.83044	0.69714	-0.8243	24
\\10.92.10.11\wangderen\stroke\PyRadiomics\WCHSCU\Count32Width4WaveletWidth4Level2\bior2.8.csv	1	0.45	0.05	0.8
------------------------------------------------------------

x=1	0.87291	0.87197	0.77962	0.767	-0.84657	25
\\10.92.10.11\wangderen\stroke\PyRadiomics\WCHSCU\Count32Width4WaveletWidth4Level2\bior3.1.csv	1	0.45	0.05	0.8
------------------------------------------------------------

x=1	0.87807	0.8773	0.77786	0.80781	-0.86171	35
\\10.92.10.11\wangderen\stroke\PyRadiomics\WCHSCU\Count32Width4WaveletWidth4Level2\bior3.3.csv	1	0.45	0.05	0.8
------------------------------------------------------------

x=1	0.87282	0.87233	0.81258	0.81092	-0.85728	26
\\10.92.10.11\wangderen\stroke\PyRadiomics\WCHSCU\Count32Width4WaveletWidth4Level2\bior3.5.csv	1	0.45	0.05	0.8
------------------------------------------------------------

x=1	0.86752	0.86665	0.80805	0.78569	-0.84552	23
\\10.92.10.11\wangderen\stroke\PyRadiomics\WCHSCU\Count32Width4WaveletWidth4Level2\bior3.7.csv	1	0.45	0.05	0.8
------------------------------------------------------------

x=1	0.86039	0.85967	0.81006	0.76687	-0.83534	17
\\10.92.10.11\wangderen\stroke\PyRadiomics\WCHSCU\Count32Width4WaveletWidth4Level2\bior3.9.csv	1	0.45	0.05	0.8
------------------------------------------------------------

x=1	0.85984	0.85871	0.80805	0.76414	-0.83501	19
\\10.92.10.11\wangderen\stroke\PyRadiomics\WCHSCU\Count32Width4WaveletWidth4Level2\bior4.4.csv	1	0.45	0.05	0.8
------------------------------------------------------------

x=1	0.86518	0.86441	0.80503	0.76553	-0.84368	23
24	0.86074	0.85946	0.83623	0.75276	-0.83343	19
44	0.8597	0.85565	0.83497	0.62032	-0.79696	16
102	0.85717	0.85635	0.83522	0.75598	-0.83075	17
138	0.85857	0.85787	0.83296	0.74593	-0.83152	17
\\10.92.10.11\wangderen\stroke\PyRadiomics\WCHSCU\Count32Width4WaveletWidth4Level2\bior5.5.csv	1	0.45	0.05	0.8
------------------------------------------------------------

x=1	0.88357	0.88283	0.78969	0.8145	-0.86714	40
\\10.92.10.11\wangderen\stroke\PyRadiomics\WCHSCU\Count32Width4WaveletWidth4Level2\bior6.8.csv	1	0.45	0.05	0.8
------------------------------------------------------------

x=1	0.87208	0.87109	0.81711	0.81839	-0.85974	28
\\10.92.10.11\wangderen\stroke\PyRadiomics\WCHSCU\Count32Width4WaveletWidth4Level2\coif1.csv	1	0.45	0.05	0.8
------------------------------------------------------------

x=1	0.91194	0.91139	0.80403	0.88128	-0.9082	60
\\10.92.10.11\wangderen\stroke\PyRadiomics\WCHSCU\Count32Width4WaveletWidth4Level2\coif2.csv	1	0.45	0.05	0.8
------------------------------------------------------------

x=1	0.91476	0.91377	0.80453	0.9124	-0.91646	62
\\10.92.10.11\wangderen\stroke\PyRadiomics\WCHSCU\Count32Width4WaveletWidth4Level2\coif3.csv	1	0.45	0.05	0.8
------------------------------------------------------------

x=1	0.90414	0.90367	0.79145	0.84532	-0.89119	38
\\10.92.10.11\wangderen\stroke\PyRadiomics\WCHSCU\Count32Width4WaveletWidth4Level2\coif4.csv	1	0.45	0.05	0.8
------------------------------------------------------------

0.88237	0.88369	0.85182	0.79525	29
0.8835	0.88468	0.85711	0.79781	31
x=1	0.93093	0.92939	0.75472	0.89892	-0.9243	70
149	0.87403	0.87026	0.83648	0.68438	-0.827	23
\\10.92.10.11\wangderen\stroke\PyRadiomics\WCHSCU\Count32Width4WaveletWidth4Level2\coif5.csv	1	0.45	0.05	0.8
------------------------------------------------------------

x=1	0.87487	0.87418	0.81233	0.83063	-0.86478	31
111	0.87065	0.86735	0.83044	0.68083	-0.8205	24
\\10.92.10.11\wangderen\stroke\PyRadiomics\WCHSCU\Count32Width4WaveletWidth4Level2\db2.csv	1	0.45	0.05	0.8
------------------------------------------------------------

x=1	0.88822	0.88678	0.81132	0.86051	-0.88139	36
\\10.92.10.11\wangderen\stroke\PyRadiomics\WCHSCU\Count32Width4WaveletWidth4Level2\db3.csv	1	0.45	0.05	0.8
------------------------------------------------------------

0.86991	0.86654	0.85459	0.67952	20
0.87014	0.8676	0.85006	0.67378	18
0.86845	0.86555	0.85182	0.68087	18
0.86845	0.86555	0.85182	0.68087	18
0.87285	0.86871	0.85006	0.69299	22
0.86503	0.86249	0.85308	0.66255	21
0.86828	0.86138	0.85484	0.61162	20
0.86995	0.86487	0.85233	0.6467	20
0.86949	0.86768	0.85082	0.71398	19
0.86938	0.86609	0.85535	0.71654	21
0.8799	0.87478	0.85006	0.68804	23
0.87454	0.86957	0.85409	0.72685	22
0.87074	0.86614	0.85912	0.71964	20
0.87387	0.87334	0.85132	0.72218	21
x=1	0.88305	0.88207	0.82113	0.87248	-0.88064	30
12	0.86543	0.86115	0.84553	0.61373	-0.79878	19
13	0.87062	0.86603	0.84075	0.70695	-0.82375	21
16	0.88503	0.87409	0.83019	0.54793	-0.79219	26
21	0.86837	0.86439	0.83925	0.66868	-0.81646	21
27	0.87638	0.87304	0.83597	0.69114	-0.82795	23
32	0.87735	0.87637	0.83572	0.86309	-0.87083	27
35	0.87913	0.8782	0.83824	0.86431	-0.87236	27
50	0.86923	0.8683	0.83145	0.83405	-0.85912	25
64	0.87721	0.87612	0.83497	0.86517	-0.87198	27
70	0.86808	0.8672	0.83572	0.79189	-0.8478	23
79	0.88128	0.88013	0.83019	0.86831	-0.87585	28
86	0.86831	0.86748	0.83824	0.84341	-0.86108	25
101	0.8828	0.87242	0.83698	0.5296	-0.7849	22
118	0.88646	0.8762	0.83044	0.55584	-0.79581	25
121	0.86758	0.86402	0.8327	0.68052	-0.81653	22
133	0.88154	0.87851	0.84403	0.7581	-0.84689	26
136	0.87446	0.87064	0.84352	0.72724	-0.83363	23
147	0.87068	0.86559	0.83874	0.70207	-0.82497	23
149	0.8753	0.87053	0.83698	0.73194	-0.83726	28
152	0.87423	0.87279	0.83396	0.84843	-0.86498	25
155	0.86982	0.86462	0.8317	0.57185	-0.79197	19
156	0.86706	0.86329	0.83623	0.71537	-0.82716	20
159	0.88444	0.88147	0.83119	0.75858	-0.84936	28
160	0.8828	0.87886	0.83648	0.6965	-0.83024	26
162	0.867	0.86193	0.84352	0.61169	-0.79771	19
170	0.87141	0.86704	0.83648	0.71321	-0.82756	21
\\10.92.10.11\wangderen\stroke\PyRadiomics\WCHSCU\Count32Width4WaveletWidth4Level2\db4.csv	1	0.45	0.05	0.8
------------------------------------------------------------

x=1	0.87411	0.87322	0.80327	0.8334	-0.86338	24
\\10.92.10.11\wangderen\stroke\PyRadiomics\WCHSCU\Count32Width4WaveletWidth4Level2\db5.csv	1	0.45	0.05	0.8
------------------------------------------------------------

x=1	0.88257	0.88136	0.79044	0.83273	-0.86957	23
\\10.92.10.11\wangderen\stroke\PyRadiomics\WCHSCU\Count32Width4WaveletWidth4Level2\db6.csv	1	0.45	0.05	0.8
------------------------------------------------------------

x=1	0.87233	0.87119	0.80352	0.80384	-0.85636	24
\\10.92.10.11\wangderen\stroke\PyRadiomics\WCHSCU\Count32Width4WaveletWidth4Level2\db7.csv	1	0.45	0.05	0.8
------------------------------------------------------------

x=1	0.89755	0.89688	0.76981	0.89282	-0.89714	34
\\10.92.10.11\wangderen\stroke\PyRadiomics\WCHSCU\Count32Width4WaveletWidth4Level2\db8.csv	1	0.45	0.05	0.8
------------------------------------------------------------

x=1	0.88701	0.88644	0.8005	0.85668	-0.88014	26
13	0.87389	0.87084	0.83497	0.70002	-0.82762	18
63	0.88037	0.87711	0.8327	0.69242	-0.83091	21
\\10.92.10.11\wangderen\stroke\PyRadiomics\WCHSCU\Count32Width4WaveletWidth4Level2\db9.csv	1	0.45	0.05	0.8
------------------------------------------------------------

x=1	0.87629	0.87539	0.77811	0.78986	-0.85827	28
\\10.92.10.11\wangderen\stroke\PyRadiomics\WCHSCU\Count32Width4WaveletWidth4Level2\dmey.csv	1	0.45	0.05	0.8
------------------------------------------------------------

x=1	0.89396	0.89346	0.81333	0.86368	-0.88938	60
\\10.92.10.11\wangderen\stroke\PyRadiomics\WCHSCU\Count32Width4WaveletWidth4Level2\haar.csv	1	0.45	0.05	0.8
------------------------------------------------------------

x=1	0.89396	0.89346	0.81333	0.86368	-0.88938	60
\\10.92.10.11\wangderen\stroke\PyRadiomics\WCHSCU\Count32Width4WaveletWidth4Level2\rbio1.1.csv	1	0.45	0.05	0.8
------------------------------------------------------------

x=1	0.88154	0.88021	0.81308	0.81943	-0.86722	32
166	0.87121	0.87079	0.83371	0.78353	-0.84938	26
\\10.92.10.11\wangderen\stroke\PyRadiomics\WCHSCU\Count32Width4WaveletWidth4Level2\rbio1.3.csv	1	0.45	0.05	0.8
------------------------------------------------------------

x=1	0.87146	0.87085	0.80931	0.78785	-0.85094	24
\\10.92.10.11\wangderen\stroke\PyRadiomics\WCHSCU\Count32Width4WaveletWidth4Level2\rbio1.5.csv	1	0.45	0.05	0.8
------------------------------------------------------------

x=1	0.90733	0.90649	0.79774	0.8737	-0.89879	58
\\10.92.10.11\wangderen\stroke\PyRadiomics\WCHSCU\Count32Width4WaveletWidth4Level2\rbio2.2.csv	1	0.45	0.05	0.8
------------------------------------------------------------

x=1	0.87507	0.87409	0.77887	0.80792	-0.86032	30
\\10.92.10.11\wangderen\stroke\PyRadiomics\WCHSCU\Count32Width4WaveletWidth4Level2\rbio2.4.csv	1	0.45	0.05	0.8
------------------------------------------------------------

x=1	0.8716	0.8702	0.79396	0.78813	-0.85055	29
\\10.92.10.11\wangderen\stroke\PyRadiomics\WCHSCU\Count32Width4WaveletWidth4Level2\rbio2.6.csv	1	0.45	0.05	0.8
------------------------------------------------------------

x=1	0.87428	0.87353	0.80428	0.80868	-0.85925	28
60	0.86294	0.85968	0.83472	0.65114	-0.80752	20
166	0.85272	0.84839	0.83044	0.6321	-0.79387	16
\\10.92.10.11\wangderen\stroke\PyRadiomics\WCHSCU\Count32Width4WaveletWidth4Level2\rbio2.8.csv	1	0.45	0.05	0.8
------------------------------------------------------------

x=1	0.87181	0.86975	0.79799	0.8134	-0.85662	28
\\10.92.10.11\wangderen\stroke\PyRadiomics\WCHSCU\Count32Width4WaveletWidth4Level2\rbio3.1.csv	1	0.45	0.05	0.8
------------------------------------------------------------

x=1	0.89521	0.89397	0.78943	0.88346	-0.89372	50
30	0.86058	0.85931	0.83723	0.73715	-0.83108	18
\\10.92.10.11\wangderen\stroke\PyRadiomics\WCHSCU\Count32Width4WaveletWidth4Level2\rbio3.3.csv	1	0.45	0.05	0.8
------------------------------------------------------------

x=1	0.88987	0.88943	0.81157	0.83988	-0.87662	37
\\10.92.10.11\wangderen\stroke\PyRadiomics\WCHSCU\Count32Width4WaveletWidth4Level2\rbio3.5.csv	1	0.45	0.05	0.8
------------------------------------------------------------

x=1	0.8859	0.88497	0.8073	0.85266	-0.87803	37
\\10.92.10.11\wangderen\stroke\PyRadiomics\WCHSCU\Count32Width4WaveletWidth4Level2\rbio3.7.csv	1	0.45	0.05	0.8
------------------------------------------------------------

x=1	0.88726	0.88632	0.80604	0.85258	-0.87748	35
12	0.86146	0.86049	0.83321	0.77915	-0.83867	19
\\10.92.10.11\wangderen\stroke\PyRadiomics\WCHSCU\Count32Width4WaveletWidth4Level2\rbio3.9.csv	1	0.45	0.05	0.8
------------------------------------------------------------

x=1	0.86411	0.86263	0.7917	0.77879	-0.84153	25
\\10.92.10.11\wangderen\stroke\PyRadiomics\WCHSCU\Count32Width4WaveletWidth4Level2\rbio4.4.csv	1	0.45	0.05	0.8
------------------------------------------------------------

x=1	0.90269	0.9017	0.78491	0.87227	-0.89534	49
\\10.92.10.11\wangderen\stroke\PyRadiomics\WCHSCU\Count32Width4WaveletWidth4Level2\rbio5.5.csv	1	0.45	0.05	0.8
------------------------------------------------------------

x=1	0.87546	0.87499	0.78465	0.81891	-0.8585	32
\\10.92.10.11\wangderen\stroke\PyRadiomics\WCHSCU\Count32Width4WaveletWidth4Level2\rbio6.8.csv	1	0.45	0.05	0.8
------------------------------------------------------------

0.87764	0.87647	0.85308	0.72236	31
x=1	0.89019	0.8894	0.81006	0.89506	-0.89161	45
78	0.85615	0.8521	0.83069	0.64842	-0.80011	26
\\10.92.10.11\wangderen\stroke\PyRadiomics\WCHSCU\Count32Width4WaveletWidth4Level2\sym2.csv	1	0.45	0.05	0.8
------------------------------------------------------------

x=1	0.88822	0.88678	0.81132	0.86051	-0.88139	36
\\10.92.10.11\wangderen\stroke\PyRadiomics\WCHSCU\Count32Width4WaveletWidth4Level2\sym3.csv	1	0.45	0.05	0.8
------------------------------------------------------------

x=1	0.88237	0.8813	0.78239	0.81489	-0.86661	34
\\10.92.10.11\wangderen\stroke\PyRadiomics\WCHSCU\Count32Width4WaveletWidth4Level2\sym4.csv	1	0.45	0.05	0.8
------------------------------------------------------------

x=1	0.89822	0.89722	0.80654	0.87546	-0.8931	44
\\10.92.10.11\wangderen\stroke\PyRadiomics\WCHSCU\Count32Width4WaveletWidth4Level2\sym5.csv	1	0.45	0.05	0.8
------------------------------------------------------------

x=1	0.9085	0.90652	0.79522	0.87407	-0.89943	65
\\10.92.10.11\wangderen\stroke\PyRadiomics\WCHSCU\Count32Width4WaveletWidth4Level2\sym6.csv	1	0.45	0.05	0.8
------------------------------------------------------------

0.87826	0.87156	0.85233	0.70046	27
0.87098	0.86944	0.85157	0.77418	23
0.87262	0.87415	0.85132	0.78426	23
0.87996	0.87596	0.85057	0.8111	30
0.87383	0.87381	0.85283	0.77437	25
0.86605	0.86407	0.85157	0.72988	17
0.86258	0.85738	0.85484	0.62818	16
0.87823	0.8757	0.85082	0.69943	28
0.87257	0.87162	0.85132	0.771	25
0.87618	0.87601	0.85006	0.79318	30
0.87939	0.87554	0.85585	0.68313	24
0.87931	0.87757	0.8556	0.79303	26
0.87931	0.87757	0.8556	0.79303	26
0.88385	0.87962	0.85006	0.81109	34
0.88145	0.87819	0.85283	0.80903	30
0.89219	0.89148	0.85006	0.82007	40
0.89203	0.88993	0.85132	0.82488	46
0.89547	0.89421	0.85057	0.82533	49
0.8812	0.8795	0.85082	0.80785	30
0.89547	0.89421	0.85057	0.82533	49
0.88122	0.87681	0.85031	0.7916	27
0.88898	0.88574	0.85006	0.81123	38
0.8923	0.89009	0.85283	0.8244	42
0.87578	0.87247	0.85031	0.78403	24
0.89425	0.89178	0.85157	0.82209	42
0.89547	0.89421	0.85057	0.82533	49
0.8954	0.89314	0.85107	0.82421	43
0.89219	0.88945	0.85308	0.82114	41
0.89008	0.88727	0.85258	0.81768	43
0.89242	0.88917	0.85157	0.8229	40
0.89547	0.89421	0.85057	0.82533	49
0.8954	0.89314	0.85107	0.82421	43
0.89027	0.88901	0.85031	0.81943	40
0.87436	0.8722	0.85107	0.65936	23
0.8936	0.89114	0.85057	0.82005	42
0.89547	0.89421	0.85057	0.82533	49
0.89547	0.89421	0.85057	0.82533	49
0.88687	0.88682	0.85057	0.80759	34
0.8788	0.87485	0.85358	0.69097	25
0.87852	0.87347	0.85233	0.79267	26
0.89506	0.89368	0.85057	0.82206	46
0.87798	0.87752	0.85132	0.79729	31
0.87417	0.87235	0.85182	0.79223	30
0.88233	0.87922	0.85157	0.80445	29
0.88051	0.87776	0.85057	0.7232	25
0.87747	0.87264	0.85057	0.79451	27
0.88805	0.88569	0.85308	0.82803	36
0.88808	0.88528	0.85057	0.80697	33
0.87642	0.8721	0.85107	0.69205	30
0.88633	0.88423	0.85182	0.80134	33
0.88731	0.88314	0.85132	0.82311	34
0.89086	0.89101	0.85384	0.81574	35
0.88215	0.87995	0.85057	0.79918	32
0.89335	0.89236	0.85082	0.80829	37
0.88691	0.88417	0.85031	0.78373	33
0.89972	0.90032	0.85006	0.82878	49
0.89747	0.89901	0.8566	0.82583	44
0.89972	0.90032	0.85006	0.82878	49
0.88717	0.88816	0.85484	0.80299	37
0.88481	0.88536	0.85006	0.80561	32
0.88931	0.89123	0.85132	0.82019	44
0.88997	0.89064	0.85384	0.82282	44
0.89293	0.89513	0.85132	0.81738	44
0.88113	0.87795	0.85082	0.67948	35
0.89188	0.88929	0.85182	0.72221	38
0.89501	0.8961	0.85006	0.73234	42
0.88821	0.88824	0.85107	0.81511	39
0.89231	0.89011	0.85006	0.82834	38
0.88663	0.88472	0.85107	0.8078	39
0.88737	0.88587	0.85031	0.78739	38
x=1	0.90262	0.90192	0.8395	0.83089	-0.88724	52
2	0.90262	0.90192	0.8395	0.83089	-0.88724	52
3	0.90262	0.90192	0.8395	0.83089	-0.88724	52
4	0.90262	0.90192	0.8395	0.83089	-0.88724	52
5	0.90262	0.90192	0.8395	0.83089	-0.88724	52
6	0.90262	0.90192	0.8395	0.83089	-0.88724	52
7	0.90262	0.90192	0.8395	0.83089	-0.88724	52
8	0.90262	0.90192	0.8395	0.83089	-0.88724	52
9	0.90262	0.90192	0.8395	0.83089	-0.88724	52
10	0.90262	0.90192	0.8395	0.83089	-0.88724	52
11	0.9019	0.90119	0.84226	0.83186	-0.88421	47
13	0.89876	0.89784	0.83396	0.81197	-0.87705	42
15	0.88484	0.88164	0.83396	0.7048	-0.83936	38
20	0.8905	0.88968	0.83321	0.81259	-0.87131	37
22	0.90262	0.90192	0.8395	0.83089	-0.88724	52
23	0.88683	0.88562	0.83925	0.80693	-0.86576	32
24	0.90004	0.89943	0.84101	0.82982	-0.88162	44
27	0.90262	0.90192	0.8395	0.83089	-0.88724	52
29	0.89792	0.89693	0.84453	0.81882	-0.8781	44
30	0.89977	0.89924	0.83119	0.82512	-0.88271	43
31	0.90262	0.90192	0.8395	0.83089	-0.88724	52
36	0.89902	0.89797	0.83421	0.82246	-0.88073	41
38	0.90037	0.89952	0.8327	0.81945	-0.88038	42
40	0.90262	0.90192	0.8395	0.83089	-0.88724	52
41	0.89881	0.89825	0.83094	0.8146	-0.87836	42
46	0.88171	0.88105	0.84101	0.82293	-0.86476	38
48	0.90262	0.90192	0.8395	0.83089	-0.88724	52
53	0.88481	0.88381	0.84553	0.79879	-0.86207	33
54	0.90262	0.90194	0.83824	0.82704	-0.88384	44
58	0.90262	0.90192	0.8395	0.83089	-0.88724	52
59	0.88931	0.8881	0.83346	0.81265	-0.86749	36
60	0.88754	0.88691	0.8317	0.80614	-0.86853	31
62	0.90262	0.90192	0.8395	0.83089	-0.88724	52
67	0.89882	0.89789	0.84654	0.81773	-0.87703	42
69	0.90262	0.90192	0.8395	0.83089	-0.88724	52
74	0.90262	0.90192	0.8395	0.83089	-0.88724	52
75	0.88302	0.87883	0.8322	0.66939	-0.82665	29
77	0.89523	0.89433	0.8395	0.81172	-0.87412	34
79	0.89487	0.89354	0.83296	0.82019	-0.8764	35
80	0.87817	0.87696	0.8327	0.79242	-0.85258	29
82	0.90302	0.90183	0.83597	0.82275	-0.8841	42
85	0.90262	0.90192	0.8395	0.83089	-0.88724	52
86	0.90262	0.90192	0.8395	0.83089	-0.88724	52
87	0.90336	0.90232	0.84201	0.82371	-0.88571	49
93	0.90262	0.90192	0.8395	0.83089	-0.88724	52
95	0.89789	0.89679	0.8322	0.82511	-0.88018	40
104	0.89145	0.89079	0.83371	0.80022	-0.86878	36
106	0.88969	0.88883	0.83396	0.80479	-0.86841	35
111	0.90262	0.90192	0.8395	0.83089	-0.88724	52
115	0.87346	0.87265	0.84101	0.77091	-0.84993	27
118	0.90262	0.90192	0.8395	0.83089	-0.88724	52
126	0.89304	0.89185	0.8395	0.83031	-0.87594	39
128	0.90262	0.90192	0.8395	0.83089	-0.88724	52
130	0.89771	0.89645	0.84126	0.81683	-0.87775	42
132	0.90262	0.90192	0.8395	0.83089	-0.88724	52
136	0.88932	0.8883	0.83698	0.80749	-0.87116	37
140	0.89913	0.89786	0.84025	0.83315	-0.8821	46
141	0.88364	0.88254	0.83522	0.79309	-0.8612	39
145	0.90262	0.90192	0.8395	0.83089	-0.88724	52
146	0.89547	0.89417	0.83346	0.81931	-0.87611	40
147	0.88815	0.87748	0.83094	0.52998	-0.79025	29
151	0.90262	0.90192	0.8395	0.83089	-0.88724	52
152	0.89351	0.89213	0.83145	0.80807	-0.87319	35
154	0.90262	0.90192	0.8395	0.83089	-0.88724	52
158	0.90077	0.89994	0.83522	0.83062	-0.88346	43
160	0.90262	0.90192	0.8395	0.83089	-0.88724	52
162	0.90262	0.90192	0.8395	0.83089	-0.88724	52
165	0.90262	0.90192	0.8395	0.83089	-0.88724	52
\\10.92.10.11\wangderen\stroke\PyRadiomics\WCHSCU\Count32Width4WaveletWidth4Level2\sym7.csv	1	0.45	0.05	0.8
------------------------------------------------------------

x=1	0.85793	0.85703	0.78616	0.7532	-0.82983	17
\\10.92.10.11\wangderen\stroke\PyRadiomics\WCHSCU\Count32Width4WaveletWidth4Level2\sym8.csv	1	0.45	0.05	0.8
------------------------------------------------------------

x=1	0.87013	0.86913	0.78818	0.79281	-0.84804	23
\\10.92.10.11\wangderen\stroke\PyRadiomics\WCHSCU\Count32Width4WaveletWidth4Level2\sym9.csv	1	0.45	0.05	0.8
------------------------------------------------------------

x=1	0.87037	0.8687	0.85836	0.78929	-0.85124	27
\\10.92.10.11\wangderen\stroke\PyRadiomics\WCHSCU\Count16Width8WaveletWidth8Level2\bior2.4.csv	1	0.5	0.05	0.8

\\10.92.10.11\wangderen\stroke\PyRadiomics\WCHSCU\Count16Width8WaveletWidth8Level2\coif3.csv	1	0.45	0.05	0.8

